INTERVALSTARTTIME_GMT,INTERVALENDTIME_GMT,LOAD_TYPE,OPR_DT,OPR_HR,OPR_INTERVAL,MARKET_RUN_ID,TAC_AREA_NAME,LABEL,XML_DATA_ITEM,POS,MW,EXECUTION_TYPE,GROUP
2026-04-06T13:00:00-00:00,2026-04-06T14:00:00-00:00,1,2026-04-06,7,0,DAM,AVA,Demand Forecast Day Ahead,SYS_FCST_DA_MW,2.8,1159.49,DAM,1
2026-04-07T05:00:00-00:00,2026-04-07T06:00:00-00:00,1,2026-04-06,23,0,DAM,AVA,Demand Forecast Day Ahead,SYS_FCST_DA_MW,2.8,999.06,DAM,1
2026-04-07T04:00:00-00:00,2026-04-07T05:00:00-00:00,1,2026-04-06,22,0,DAM,AVA,Demand Forecast Day Ahead,SYS_FCST_DA_MW,2.8,1082.94,DAM,1
2026-04-06T11:00:00-00:00,2026-04-06T12:00:00-00:00,1,2026-04-06,5,0,DAM,AVA,Demand Forecast Day Ahead,SYS_FCST_DA_MW,2.8,916.67,DAM,1
2026-04-06T12:00:00-00:00,2026-04-06T13:00:00-00:00,1,2026-04-06,6,0,DAM,AVA,Demand Forecast Day Ahead,SYS_FCST_DA_MW,2.8,1028.01,DAM,1
2026-04-06T15:00:00-00:00,2026-04-06T16:00:00-00:00,1,2026-04-06,9,0,DAM,AVA,Demand Forecast Day Ahead,SYS_FCST_DA_MW,2.8,1232.79,DAM,1
2026-04-07T00:00:00-00:00,2026-04-07T01:00:00-00:00,1,2026-04-06,18,0,DAM,AVA,Demand Forecast Day Ahead,SYS_FCST_DA_MW,2.8,1116.23,DAM,1
2026-04-06T09:00:00-00:00,2026-04-06T10:00:00-00:00,1,2026-04-06,3,0,DAM,AVA,Demand Forecast Day Ahead,SYS_FCST_DA_MW,2.8,851.38,DAM,1
2026-04-06T17:00:00-00:00,2026-04-06T18:00:00-00:00,1,2026-04-06,11,0,DAM,AVA,Demand Forecast Day Ahead,SYS_FCST_DA_MW,2.8,1179.05,DAM,1
2026-04-06T21:00:00-00:00,2026-04-06T22:00:00-00:00,1,2026-04-06,15,0,DAM,AVA,Demand Forecast Day Ahead,SYS_FCST_DA_MW,2.8,1095.61,DAM,1
2026-04-06T22:00:00-00:00,2026-04-06T23:00:00-00:00,1,2026-04-06,16,0,DAM,AVA,Demand Forecast Day Ahead,SYS_FCST_DA_MW,2.8,1081.43,DAM,1
2026-04-06T23:00:00-00:00,2026-04-07T00:00:00-00:00,1,2026-04-06,17,0,DAM,AVA,Demand Forecast Day Ahead,SYS_FCST_DA_MW,2.8,1092.43,DAM,1
2026-04-07T01:00:00-00:00,2026-04-07T02:00:00-00:00,1,2026-04-06,19,0,DAM,AVA,Demand Forecast Day Ahead,SYS_FCST_DA_MW,2.8,1127.11,DAM,1
2026-04-06T19:00:00-00:00,2026-04-06T20:00:00-00:00,1,2026-04-06,13,0,DAM,AVA,Demand Forecast Day Ahead,SYS_FCST_DA_MW,2.8,1138.88,DAM,1
2026-04-07T06:00:00-00:00,2026-04-07T07:00:00-00:00,1,2026-04-06,24,0,DAM,AVA,Demand Forecast Day Ahead,SYS_FCST_DA_MW,2.8,927.53,DAM,1
2026-04-06T07:00:00-00:00,2026-04-06T08:00:00-00:00,1,2026-04-06,1,0,DAM,AVA,Demand Forecast Day Ahead,SYS_FCST_DA_MW,2.8,869.68,DAM,1
2026-04-06T08:00:00-00:00,2026-04-06T09:00:00-00:00,1,2026-04-06,2,0,DAM,AVA,Demand Forecast Day Ahead,SYS_FCST_DA_MW,2.8,853.35,DAM,1
2026-04-06T10:00:00-00:00,2026-04-06T11:00:00-00:00,1,2026-04-06,4,0,DAM,AVA,Demand Forecast Day Ahead,SYS_FCST_DA_MW,2.8,866.98,DAM,1
2026-04-06T14:00:00-00:00,2026-04-06T15:00:00-00:00,1,2026-04-06,8,0,DAM,AVA,Demand Forecast Day Ahead,SYS_FCST_DA_MW,2.8,1230.45,DAM,1
2026-04-06T16:00:00-00:00,2026-04-06T17:00:00-00:00,1,2026-04-06,10,0,DAM,AVA,Demand Forecast Day Ahead,SYS_FCST_DA_MW,2.8,1207.69,DAM,1
2026-04-06T18:00:00-00:00,2026-04-06T19:00:00-00:00,1,2026-04-06,12,0,DAM,AVA,Demand Forecast Day Ahead,SYS_FCST_DA_MW,2.8,1157.5,DAM,1
2026-04-07T02:00:00-00:00,2026-04-07T03:00:00-00:00,1,2026-04-06,20,0,DAM,AVA,Demand Forecast Day Ahead,SYS_FCST_DA_MW,2.8,1149.23,DAM,1
2026-04-07T03:00:00-00:00,2026-04-07T04:00:00-00:00,1,2026-04-06,21,0,DAM,AVA,Demand Forecast Day Ahead,SYS_FCST_DA_MW,2.8,1146.16,DAM,1
2026-04-06T20:00:00-00:00,2026-04-06T21:00:00-00:00,1,2026-04-06,14,0,DAM,AVA,Demand Forecast Day Ahead,SYS_FCST_DA_MW,2.8,1117.11,DAM,1
2026-04-06T16:00:00-00:00,2026-04-06T17:00:00-00:00,1,2026-04-06,10,0,DAM,AVRN,Demand Forecast Day Ahead,SYS_FCST_DA_MW,2.8,0,DAM,2
2026-04-06T21:00:00-00:00,2026-04-06T22:00:00-00:00,1,2026-04-06,15,0,DAM,AVRN,Demand Forecast Day Ahead,SYS_FCST_DA_MW,2.8,0,DAM,2
2026-04-07T00:00:00-00:00,2026-04-07T01:00:00-00:00,1,2026-04-06,18,0,DAM,AVRN,Demand Forecast Day Ahead,SYS_FCST_DA_MW,2.8,0,DAM,2
2026-04-07T06:00:00-00:00,2026-04-07T07:00:00-00:00,1,2026-04-06,24,0,DAM,AVRN,Demand Forecast Day Ahead,SYS_FCST_DA_MW,2.8,0,DAM,2
2026-04-06T15:00:00-00:00,2026-04-06T16:00:00-00:00,1,2026-04-06,9,0,DAM,AVRN,Demand Forecast Day Ahead,SYS_FCST_DA_MW,2.8,0,DAM,2
2026-04-06T07:00:00-00:00,2026-04-06T08:00:00-00:00,1,2026-04-06,1,0,DAM,AVRN,Demand Forecast Day Ahead,SYS_FCST_DA_MW,2.8,0,DAM,2
2026-04-06T13:00:00-00:00,2026-04-06T14:00:00-00:00,1,2026-04-06,7,0,DAM,AVRN,Demand Forecast Day Ahead,SYS_FCST_DA_MW,2.8,0,DAM,2
2026-04-06T22:00:00-00:00,2026-04-06T23:00:00-00:00,1,2026-04-06,16,0,DAM,AVRN,Demand Forecast Day Ahead,SYS_FCST_DA_MW,2.8,0,DAM,2
2026-04-06T08:00:00-00:00,2026-04-06T09:00:00-00:00,1,2026-04-06,2,0,DAM,AVRN,Demand Forecast Day Ahead,SYS_FCST_DA_MW,2.8,0,DAM,2
2026-04-06T12:00:00-00:00,2026-04-06T13:00:00-00:00,1,2026-04-06,6,0,DAM,AVRN,Demand Forecast Day Ahead,SYS_FCST_DA_MW,2.8,0,DAM,2
2026-04-06T09:00:00-00:00,2026-04-06T10:00:00-00:00,1,2026-04-06,3,0,DAM,AVRN,Demand Forecast Day Ahead,SYS_FCST_DA_MW,2.8,0,DAM,2
2026-04-06T11:00:00-00:00,2026-04-06T12:00:00-00:00,1,2026-04-06,5,0,DAM,AVRN,Demand Forecast Day Ahead,SYS_FCST_DA_MW,2.8,0,DAM,2
2026-04-06T14:00:00-00:00,2026-04-06T15:00:00-00:00,1,2026-04-06,8,0,DAM,AVRN,Demand Forecast Day Ahead,SYS_FCST_DA_MW,2.8,0,DAM,2
2026-04-06T18:00:00-00:00,2026-04-06T19:00:00-00:00,1,2026-04-06,12,0,DAM,AVRN,Demand Forecast Day Ahead,SYS_FCST_DA_MW,2.8,0,DAM,2
2026-04-06T19:00:00-00:00,2026-04-06T20:00:00-00:00,1,2026-04-06,13,0,DAM,AVRN,Demand Forecast Day Ahead,SYS_FCST_DA_MW,2.8,0,DAM,2
2026-04-06T20:00:00-00:00,2026-04-06T21:00:00-00:00,1,2026-04-06,14,0,DAM,AVRN,Demand Forecast Day Ahead,SYS_FCST_DA_MW,2.8,0,DAM,2
2026-04-06T23:00:00-00:00,2026-04-07T00:00:00-00:00,1,2026-04-06,17,0,DAM,AVRN,Demand Forecast Day Ahead,SYS_FCST_DA_MW,2.8,0,DAM,2
2026-04-07T02:00:00-00:00,2026-04-07T03:00:00-00:00,1,2026-04-06,20,0,DAM,AVRN,Demand Forecast Day Ahead,SYS_FCST_DA_MW,2.8,0,DAM,2
2026-04-07T04:00:00-00:00,2026-04-07T05:00:00-00:00,1,2026-04-06,22,0,DAM,AVRN,Demand Forecast Day Ahead,SYS_FCST_DA_MW,2.8,0,DAM,2
2026-04-06T17:00:00-00:00,2026-04-06T18:00:00-00:00,1,2026-04-06,11,0,DAM,AVRN,Demand Forecast Day Ahead,SYS_FCST_DA_MW,2.8,0,DAM,2
2026-04-06T10:00:00-00:00,2026-04-06T11:00:00-00:00,1,2026-04-06,4,0,DAM,AVRN,Demand Forecast Day Ahead,SYS_FCST_DA_MW,2.8,0,DAM,2
2026-04-07T03:00:00-00:00,2026-04-07T04:00:00-00:00,1,2026-04-06,21,0,DAM,AVRN,Demand Forecast Day Ahead,SYS_FCST_DA_MW,2.8,0,DAM,2
2026-04-07T01:00:00-00:00,2026-04-07T02:00:00-00:00,1,2026-04-06,19,0,DAM,AVRN,Demand Forecast Day Ahead,SYS_FCST_DA_MW,2.8,0,DAM,2
2026-04-07T05:00:00-00:00,2026-04-07T06:00:00-00:00,1,2026-04-06,23,0,DAM,AVRN,Demand Forecast Day Ahead,SYS_FCST_DA_MW,2.8,0,DAM,2
2026-04-06T17:00:00-00:00,2026-04-06T18:00:00-00:00,1,2026-04-06,11,0,DAM,AZPS,Demand Forecast Day Ahead,SYS_FCST_DA_MW,2.8,3223.36,DAM,3
2026-04-06T10:00:00-00:00,2026-04-06T11:00:00-00:00,1,2026-04-06,4,0,DAM,AZPS,Demand Forecast Day Ahead,SYS_FCST_DA_MW,2.8,3411.51,DAM,3
2026-04-06T22:00:00-00:00,2026-04-06T23:00:00-00:00,1,2026-04-06,16,0,DAM,AZPS,Demand Forecast Day Ahead,SYS_FCST_DA_MW,2.8,3966.36,DAM,3
2026-04-07T01:00:00-00:00,2026-04-07T02:00:00-00:00,1,2026-04-06,19,0,DAM,AZPS,Demand Forecast Day Ahead,SYS_FCST_DA_MW,2.8,4629.33,DAM,3
2026-04-07T04:00:00-00:00,2026-04-07T05:00:00-00:00,1,2026-04-06,22,0,DAM,AZPS,Demand Forecast Day Ahead,SYS_FCST_DA_MW,2.8,4383.76,DAM,3
2026-04-07T05:00:00-00:00,2026-04-07T06:00:00-00:00,1,2026-04-06,23,0,DAM,AZPS,Demand Forecast Day Ahead,SYS_FCST_DA_MW,2.8,4097.46,DAM,3
2026-04-06T07:00:00-00:00,2026-04-06T08:00:00-00:00,1,2026-04-06,1,0,DAM,AZPS,Demand Forecast Day Ahead,SYS_FCST_DA_MW,2.8,3766.34,DAM,3
2026-04-06T18:00:00-00:00,2026-04-06T19:00:00-00:00,1,2026-04-06,12,0,DAM,AZPS,Demand Forecast Day Ahead,SYS_FCST_DA_MW,2.8,3181.28,DAM,3
2026-04-06T09:00:00-00:00,2026-04-06T10:00:00-00:00,1,2026-04-06,3,0,DAM,AZPS,Demand Forecast Day Ahead,SYS_FCST_DA_MW,2.8,3458.96,DAM,3
2026-04-06T11:00:00-00:00,2026-04-06T12:00:00-00:00,1,2026-04-06,5,0,DAM,AZPS,Demand Forecast Day Ahead,SYS_FCST_DA_MW,2.8,3466.49,DAM,3
2026-04-06T12:00:00-00:00,2026-04-06T13:00:00-00:00,1,2026-04-06,6,0,DAM,AZPS,Demand Forecast Day Ahead,SYS_FCST_DA_MW,2.8,3579.52,DAM,3
2026-04-06T19:00:00-00:00,2026-04-06T20:00:00-00:00,1,2026-04-06,13,0,DAM,AZPS,Demand Forecast Day Ahead,SYS_FCST_DA_MW,2.8,3253.5,DAM,3
2026-04-06T23:00:00-00:00,2026-04-07T00:00:00-00:00,1,2026-04-06,17,0,DAM,AZPS,Demand Forecast Day Ahead,SYS_FCST_DA_MW,2.8,4225.37,DAM,3
2026-04-07T00:00:00-00:00,2026-04-07T01:00:00-00:00,1,2026-04-06,18,0,DAM,AZPS,Demand Forecast Day Ahead,SYS_FCST_DA_MW,2.8,4500.93,DAM,3
2026-04-07T06:00:00-00:00,2026-04-07T07:00:00-00:00,1,2026-04-06,24,0,DAM,AZPS,Demand Forecast Day Ahead,SYS_FCST_DA_MW,2.8,3804.4,DAM,3
2026-04-06T14:00:00-00:00,2026-04-06T15:00:00-00:00,1,2026-04-06,8,0,DAM,AZPS,Demand Forecast Day Ahead,SYS_FCST_DA_MW,2.8,3672.64,DAM,3
2026-04-07T02:00:00-00:00,2026-04-07T03:00:00-00:00,1,2026-04-06,20,0,DAM,AZPS,Demand Forecast Day Ahead,SYS_FCST_DA_MW,2.8,4697.31,DAM,3
2026-04-06T13:00:00-00:00,2026-04-06T14:00:00-00:00,1,2026-04-06,7,0,DAM,AZPS,Demand Forecast Day Ahead,SYS_FCST_DA_MW,2.8,3722.93,DAM,3
2026-04-06T15:00:00-00:00,2026-04-06T16:00:00-00:00,1,2026-04-06,9,0,DAM,AZPS,Demand Forecast Day Ahead,SYS_FCST_DA_MW,2.8,3504.33,DAM,3
2026-04-06T16:00:00-00:00,2026-04-06T17:00:00-00:00,1,2026-04-06,10,0,DAM,AZPS,Demand Forecast Day Ahead,SYS_FCST_DA_MW,2.8,3335.09,DAM,3
2026-04-07T03:00:00-00:00,2026-04-07T04:00:00-00:00,1,2026-04-06,21,0,DAM,AZPS,Demand Forecast Day Ahead,SYS_FCST_DA_MW,2.8,4599.58,DAM,3
2026-04-06T08:00:00-00:00,2026-04-06T09:00:00-00:00,1,2026-04-06,2,0,DAM,AZPS,Demand Forecast Day Ahead,SYS_FCST_DA_MW,2.8,3583.02,DAM,3
2026-04-06T21:00:00-00:00,2026-04-06T22:00:00-00:00,1,2026-04-06,15,0,DAM,AZPS,Demand Forecast Day Ahead,SYS_FCST_DA_MW,2.8,3668.47,DAM,3
2026-04-06T20:00:00-00:00,2026-04-06T21:00:00-00:00,1,2026-04-06,14,0,DAM,AZPS,Demand Forecast Day Ahead,SYS_FCST_DA_MW,2.8,3423.58,DAM,3
2026-04-06T13:00:00-00:00,2026-04-06T14:00:00-00:00,1,2026-04-06,7,0,DAM,BANC,Demand Forecast Day Ahead,SYS_FCST_DA_MW,2.8,1571.91,DAM,4
2026-04-06T15:00:00-00:00,2026-04-06T16:00:00-00:00,1,2026-04-06,9,0,DAM,BANC,Demand Forecast Day Ahead,SYS_FCST_DA_MW,2.8,1629.72,DAM,4
2026-04-06T19:00:00-00:00,2026-04-06T20:00:00-00:00,1,2026-04-06,13,0,DAM,BANC,Demand Forecast Day Ahead,SYS_FCST_DA_MW,2.8,1659.7,DAM,4
2026-04-06T21:00:00-00:00,2026-04-06T22:00:00-00:00,1,2026-04-06,15,0,DAM,BANC,Demand Forecast Day Ahead,SYS_FCST_DA_MW,2.8,1773.2,DAM,4
2026-04-07T02:00:00-00:00,2026-04-07T03:00:00-00:00,1,2026-04-06,20,0,DAM,BANC,Demand Forecast Day Ahead,SYS_FCST_DA_MW,2.8,2018.46,DAM,4
2026-04-07T04:00:00-00:00,2026-04-07T05:00:00-00:00,1,2026-04-06,22,0,DAM,BANC,Demand Forecast Day Ahead,SYS_FCST_DA_MW,2.8,1849.39,DAM,4
2026-04-06T08:00:00-00:00,2026-04-06T09:00:00-00:00,1,2026-04-06,2,0,DAM,BANC,Demand Forecast Day Ahead,SYS_FCST_DA_MW,2.8,1447.11,DAM,4
2026-04-06T16:00:00-00:00,2026-04-06T17:00:00-00:00,1,2026-04-06,10,0,DAM,BANC,Demand Forecast Day Ahead,SYS_FCST_DA_MW,2.8,1625.03,DAM,4
2026-04-07T00:00:00-00:00,2026-04-07T01:00:00-00:00,1,2026-04-06,18,0,DAM,BANC,Demand Forecast Day Ahead,SYS_FCST_DA_MW,2.8,2011.96,DAM,4
2026-04-07T05:00:00-00:00,2026-04-07T06:00:00-00:00,1,2026-04-06,23,0,DAM,BANC,Demand Forecast Day Ahead,SYS_FCST_DA_MW,2.8,1689.58,DAM,4
2026-04-06T20:00:00-00:00,2026-04-06T21:00:00-00:00,1,2026-04-06,14,0,DAM,BANC,Demand Forecast Day Ahead,SYS_FCST_DA_MW,2.8,1694.09,DAM,4
2026-04-06T09:00:00-00:00,2026-04-06T10:00:00-00:00,1,2026-04-06,3,0,DAM,BANC,Demand Forecast Day Ahead,SYS_FCST_DA_MW,2.8,1381.87,DAM,4
2026-04-06T17:00:00-00:00,2026-04-06T18:00:00-00:00,1,2026-04-06,11,0,DAM,BANC,Demand Forecast Day Ahead,SYS_FCST_DA_MW,2.8,1615.92,DAM,4
2026-04-06T18:00:00-00:00,2026-04-06T19:00:00-00:00,1,2026-04-06,12,0,DAM,BANC,Demand Forecast Day Ahead,SYS_FCST_DA_MW,2.8,1629.62,DAM,4
2026-04-07T01:00:00-00:00,2026-04-07T02:00:00-00:00,1,2026-04-06,19,0,DAM,BANC,Demand Forecast Day Ahead,SYS_FCST_DA_MW,2.8,2047.32,DAM,4
2026-04-06T22:00:00-00:00,2026-04-06T23:00:00-00:00,1,2026-04-06,16,0,DAM,BANC,Demand Forecast Day Ahead,SYS_FCST_DA_MW,2.8,1875.78,DAM,4
2026-04-06T23:00:00-00:00,2026-04-07T00:00:00-00:00,1,2026-04-06,17,0,DAM,BANC,Demand Forecast Day Ahead,SYS_FCST_DA_MW,2.8,1962.34,DAM,4
2026-04-07T06:00:00-00:00,2026-04-07T07:00:00-00:00,1,2026-04-06,24,0,DAM,BANC,Demand Forecast Day Ahead,SYS_FCST_DA_MW,2.8,1556.36,DAM,4
2026-04-06T10:00:00-00:00,2026-04-06T11:00:00-00:00,1,2026-04-06,4,0,DAM,BANC,Demand Forecast Day Ahead,SYS_FCST_DA_MW,2.8,1370.89,DAM,4
2026-04-07T03:00:00-00:00,2026-04-07T04:00:00-00:00,1,2026-04-06,21,0,DAM,BANC,Demand Forecast Day Ahead,SYS_FCST_DA_MW,2.8,1986.96,DAM,4
2026-04-06T07:00:00-00:00,2026-04-06T08:00:00-00:00,1,2026-04-06,1,0,DAM,BANC,Demand Forecast Day Ahead,SYS_FCST_DA_MW,2.8,1526.03,DAM,4
2026-04-06T11:00:00-00:00,2026-04-06T12:00:00-00:00,1,2026-04-06,5,0,DAM,BANC,Demand Forecast Day Ahead,SYS_FCST_DA_MW,2.8,1391.87,DAM,4
2026-04-06T12:00:00-00:00,2026-04-06T13:00:00-00:00,1,2026-04-06,6,0,DAM,BANC,Demand Forecast Day Ahead,SYS_FCST_DA_MW,2.8,1463.69,DAM,4
2026-04-06T14:00:00-00:00,2026-04-06T15:00:00-00:00,1,2026-04-06,8,0,DAM,BANC,Demand Forecast Day Ahead,SYS_FCST_DA_MW,2.8,1662.13,DAM,4
2026-04-06T11:00:00-00:00,2026-04-06T12:00:00-00:00,1,2026-04-06,5,0,DAM,BANCMID,Demand Forecast Day Ahead,SYS_FCST_DA_MW,2.8,208.95,DAM,5
2026-04-07T04:00:00-00:00,2026-04-07T05:00:00-00:00,1,2026-04-06,22,0,DAM,BANCMID,Demand Forecast Day Ahead,SYS_FCST_DA_MW,2.8,294.08,DAM,5
2026-04-06T20:00:00-00:00,2026-04-06T21:00:00-00:00,1,2026-04-06,14,0,DAM,BANCMID,Demand Forecast Day Ahead,SYS_FCST_DA_MW,2.8,263.38,DAM,5
2026-04-07T03:00:00-00:00,2026-04-07T04:00:00-00:00,1,2026-04-06,21,0,DAM,BANCMID,Demand Forecast Day Ahead,SYS_FCST_DA_MW,2.8,313.72,DAM,5
2026-04-06T22:00:00-00:00,2026-04-06T23:00:00-00:00,1,2026-04-06,16,0,DAM,BANCMID,Demand Forecast Day Ahead,SYS_FCST_DA_MW,2.8,283.32,DAM,5
2026-04-06T10:00:00-00:00,2026-04-06T11:00:00-00:00,1,2026-04-06,4,0,DAM,BANCMID,Demand Forecast Day Ahead,SYS_FCST_DA_MW,2.8,205.11,DAM,5
2026-04-06T12:00:00-00:00,2026-04-06T13:00:00-00:00,1,2026-04-06,6,0,DAM,BANCMID,Demand Forecast Day Ahead,SYS_FCST_DA_MW,2.8,213.86,DAM,5
2026-04-06T16:00:00-00:00,2026-04-06T17:00:00-00:00,1,2026-04-06,10,0,DAM,BANCMID,Demand Forecast Day Ahead,SYS_FCST_DA_MW,2.8,252.56,DAM,5
2026-04-06T18:00:00-00:00,2026-04-06T19:00:00-00:00,1,2026-04-06,12,0,DAM,BANCMID,Demand Forecast Day Ahead,SYS_FCST_DA_MW,2.8,253.89,DAM,5
2026-04-06T19:00:00-00:00,2026-04-06T20:00:00-00:00,1,2026-04-06,13,0,DAM,BANCMID,Demand Forecast Day Ahead,SYS_FCST_DA_MW,2.8,257.93,DAM,5
2026-04-07T05:00:00-00:00,2026-04-07T06:00:00-00:00,1,2026-04-06,23,0,DAM,BANCMID,Demand Forecast Day Ahead,SYS_FCST_DA_MW,2.8,270.46,DAM,5
2026-04-06T23:00:00-00:00,2026-04-07T00:00:00-00:00,1,2026-04-06,17,0,DAM,BANCMID,Demand Forecast Day Ahead,SYS_FCST_DA_MW,2.8,296.03,DAM,5
2026-04-07T01:00:00-00:00,2026-04-07T02:00:00-00:00,1,2026-04-06,19,0,DAM,BANCMID,Demand Forecast Day Ahead,SYS_FCST_DA_MW,2.8,314.2,DAM,5
2026-04-06T07:00:00-00:00,2026-04-06T08:00:00-00:00,1,2026-04-06,1,0,DAM,BANCMID,Demand Forecast Day Ahead,SYS_FCST_DA_MW,2.8,219.23,DAM,5
2026-04-06T08:00:00-00:00,2026-04-06T09:00:00-00:00,1,2026-04-06,2,0,DAM,BANCMID,Demand Forecast Day Ahead,SYS_FCST_DA_MW,2.8,209.12,DAM,5
2026-04-06T13:00:00-00:00,2026-04-06T14:00:00-00:00,1,2026-04-06,7,0,DAM,BANCMID,Demand Forecast Day Ahead,SYS_FCST_DA_MW,2.8,231.35,DAM,5
2026-04-06T14:00:00-00:00,2026-04-06T15:00:00-00:00,1,2026-04-06,8,0,DAM,BANCMID,Demand Forecast Day Ahead,SYS_FCST_DA_MW,2.8,245.19,DAM,5
2026-04-06T21:00:00-00:00,2026-04-06T22:00:00-00:00,1,2026-04-06,15,0,DAM,BANCMID,Demand Forecast Day Ahead,SYS_FCST_DA_MW,2.8,270.2,DAM,5
2026-04-07T06:00:00-00:00,2026-04-07T07:00:00-00:00,1,2026-04-06,24,0,DAM,BANCMID,Demand Forecast Day Ahead,SYS_FCST_DA_MW,2.8,254.16,DAM,5
2026-04-06T09:00:00-00:00,2026-04-06T10:00:00-00:00,1,2026-04-06,3,0,DAM,BANCMID,Demand Forecast Day Ahead,SYS_FCST_DA_MW,2.8,203.09,DAM,5
2026-04-06T15:00:00-00:00,2026-04-06T16:00:00-00:00,1,2026-04-06,9,0,DAM,BANCMID,Demand Forecast Day Ahead,SYS_FCST_DA_MW,2.8,251.52,DAM,5
2026-04-07T00:00:00-00:00,2026-04-07T01:00:00-00:00,1,2026-04-06,18,0,DAM,BANCMID,Demand Forecast Day Ahead,SYS_FCST_DA_MW,2.8,309.15,DAM,5
2026-04-07T02:00:00-00:00,2026-04-07T03:00:00-00:00,1,2026-04-06,20,0,DAM,BANCMID,Demand Forecast Day Ahead,SYS_FCST_DA_MW,2.8,313.87,DAM,5
2026-04-06T17:00:00-00:00,2026-04-06T18:00:00-00:00,1,2026-04-06,11,0,DAM,BANCMID,Demand Forecast Day Ahead,SYS_FCST_DA_MW,2.8,253.12,DAM,5
2026-04-07T04:00:00-00:00,2026-04-07T05:00:00-00:00,1,2026-04-06,22,0,DAM,BANCRDNG,Demand Forecast Day Ahead,SYS_FCST_DA_MW,2.8,93.39,DAM,6
2026-04-06T22:00:00-00:00,2026-04-06T23:00:00-00:00,1,2026-04-06,16,0,DAM,BANCRDNG,Demand Forecast Day Ahead,SYS_FCST_DA_MW,2.8,102,DAM,6
2026-04-06T23:00:00-00:00,2026-04-07T00:00:00-00:00,1,2026-04-06,17,0,DAM,BANCRDNG,Demand Forecast Day Ahead,SYS_FCST_DA_MW,2.8,105.99,DAM,6
2026-04-06T19:00:00-00:00,2026-04-06T20:00:00-00:00,1,2026-04-06,13,0,DAM,BANCRDNG,Demand Forecast Day Ahead,SYS_FCST_DA_MW,2.8,91.94,DAM,6
2026-04-07T01:00:00-00:00,2026-04-07T02:00:00-00:00,1,2026-04-06,19,0,DAM,BANCRDNG,Demand Forecast Day Ahead,SYS_FCST_DA_MW,2.8,109.61,DAM,6
2026-04-07T02:00:00-00:00,2026-04-07T03:00:00-00:00,1,2026-04-06,20,0,DAM,BANCRDNG,Demand Forecast Day Ahead,SYS_FCST_DA_MW,2.8,105.31,DAM,6
2026-04-07T05:00:00-00:00,2026-04-07T06:00:00-00:00,1,2026-04-06,23,0,DAM,BANCRDNG,Demand Forecast Day Ahead,SYS_FCST_DA_MW,2.8,84.23,DAM,6
2026-04-06T07:00:00-00:00,2026-04-06T08:00:00-00:00,1,2026-04-06,1,0,DAM,BANCRDNG,Demand Forecast Day Ahead,SYS_FCST_DA_MW,2.8,70.79,DAM,6
2026-04-06T09:00:00-00:00,2026-04-06T10:00:00-00:00,1,2026-04-06,3,0,DAM,BANCRDNG,Demand Forecast Day Ahead,SYS_FCST_DA_MW,2.8,67.16,DAM,6
2026-04-06T15:00:00-00:00,2026-04-06T16:00:00-00:00,1,2026-04-06,9,0,DAM,BANCRDNG,Demand Forecast Day Ahead,SYS_FCST_DA_MW,2.8,95.4,DAM,6
2026-04-06T20:00:00-00:00,2026-04-06T21:00:00-00:00,1,2026-04-06,14,0,DAM,BANCRDNG,Demand Forecast Day Ahead,SYS_FCST_DA_MW,2.8,93.72,DAM,6
2026-04-06T21:00:00-00:00,2026-04-06T22:00:00-00:00,1,2026-04-06,15,0,DAM,BANCRDNG,Demand Forecast Day Ahead,SYS_FCST_DA_MW,2.8,97.8,DAM,6
2026-04-07T06:00:00-00:00,2026-04-07T07:00:00-00:00,1,2026-04-06,24,0,DAM,BANCRDNG,Demand Forecast Day Ahead,SYS_FCST_DA_MW,2.8,77.82,DAM,6
2026-04-06T08:00:00-00:00,2026-04-06T09:00:00-00:00,1,2026-04-06,2,0,DAM,BANCRDNG,Demand Forecast Day Ahead,SYS_FCST_DA_MW,2.8,68.34,DAM,6
2026-04-06T10:00:00-00:00,2026-04-06T11:00:00-00:00,1,2026-04-06,4,0,DAM,BANCRDNG,Demand Forecast Day Ahead,SYS_FCST_DA_MW,2.8,67.67,DAM,6
2026-04-06T11:00:00-00:00,2026-04-06T12:00:00-00:00,1,2026-04-06,5,0,DAM,BANCRDNG,Demand Forecast Day Ahead,SYS_FCST_DA_MW,2.8,69.94,DAM,6
2026-04-06T13:00:00-00:00,2026-04-06T14:00:00-00:00,1,2026-04-06,7,0,DAM,BANCRDNG,Demand Forecast Day Ahead,SYS_FCST_DA_MW,2.8,86.68,DAM,6
2026-04-06T16:00:00-00:00,2026-04-06T17:00:00-00:00,1,2026-04-06,10,0,DAM,BANCRDNG,Demand Forecast Day Ahead,SYS_FCST_DA_MW,2.8,93.97,DAM,6
2026-04-06T18:00:00-00:00,2026-04-06T19:00:00-00:00,1,2026-04-06,12,0,DAM,BANCRDNG,Demand Forecast Day Ahead,SYS_FCST_DA_MW,2.8,91.01,DAM,6
2026-04-06T17:00:00-00:00,2026-04-06T18:00:00-00:00,1,2026-04-06,11,0,DAM,BANCRDNG,Demand Forecast Day Ahead,SYS_FCST_DA_MW,2.8,91.63,DAM,6
2026-04-07T00:00:00-00:00,2026-04-07T01:00:00-00:00,1,2026-04-06,18,0,DAM,BANCRDNG,Demand Forecast Day Ahead,SYS_FCST_DA_MW,2.8,110.06,DAM,6
2026-04-07T03:00:00-00:00,2026-04-07T04:00:00-00:00,1,2026-04-06,21,0,DAM,BANCRDNG,Demand Forecast Day Ahead,SYS_FCST_DA_MW,2.8,102.11,DAM,6
2026-04-06T14:00:00-00:00,2026-04-06T15:00:00-00:00,1,2026-04-06,8,0,DAM,BANCRDNG,Demand Forecast Day Ahead,SYS_FCST_DA_MW,2.8,94.21,DAM,6
2026-04-06T12:00:00-00:00,2026-04-06T13:00:00-00:00,1,2026-04-06,6,0,DAM,BANCRDNG,Demand Forecast Day Ahead,SYS_FCST_DA_MW,2.8,75.94,DAM,6
2026-04-06T17:00:00-00:00,2026-04-06T18:00:00-00:00,1,2026-04-06,11,0,DAM,BANCRSVL,Demand Forecast Day Ahead,SYS_FCST_DA_MW,2.8,114.11,DAM,7
2026-04-06T18:00:00-00:00,2026-04-06T19:00:00-00:00,1,2026-04-06,12,0,DAM,BANCRSVL,Demand Forecast Day Ahead,SYS_FCST_DA_MW,2.8,114.33,DAM,7
2026-04-06T21:00:00-00:00,2026-04-06T22:00:00-00:00,1,2026-04-06,15,0,DAM,BANCRSVL,Demand Forecast Day Ahead,SYS_FCST_DA_MW,2.8,127.26,DAM,7
2026-04-07T02:00:00-00:00,2026-04-07T03:00:00-00:00,1,2026-04-06,20,0,DAM,BANCRSVL,Demand Forecast Day Ahead,SYS_FCST_DA_MW,2.8,160.9,DAM,7
2026-04-06T07:00:00-00:00,2026-04-06T08:00:00-00:00,1,2026-04-06,1,0,DAM,BANCRSVL,Demand Forecast Day Ahead,SYS_FCST_DA_MW,2.8,107.35,DAM,7
2026-04-06T20:00:00-00:00,2026-04-06T21:00:00-00:00,1,2026-04-06,14,0,DAM,BANCRSVL,Demand Forecast Day Ahead,SYS_FCST_DA_MW,2.8,120.36,DAM,7
2026-04-06T22:00:00-00:00,2026-04-06T23:00:00-00:00,1,2026-04-06,16,0,DAM,BANCRSVL,Demand Forecast Day Ahead,SYS_FCST_DA_MW,2.8,137.1,DAM,7
2026-04-06T16:00:00-00:00,2026-04-06T17:00:00-00:00,1,2026-04-06,10,0,DAM,BANCRSVL,Demand Forecast Day Ahead,SYS_FCST_DA_MW,2.8,115.68,DAM,7
2026-04-07T06:00:00-00:00,2026-04-07T07:00:00-00:00,1,2026-04-06,24,0,DAM,BANCRSVL,Demand Forecast Day Ahead,SYS_FCST_DA_MW,2.8,114.4,DAM,7
2026-04-06T12:00:00-00:00,2026-04-06T13:00:00-00:00,1,2026-04-06,6,0,DAM,BANCRSVL,Demand Forecast Day Ahead,SYS_FCST_DA_MW,2.8,99.21,DAM,7
2026-04-06T13:00:00-00:00,2026-04-06T14:00:00-00:00,1,2026-04-06,7,0,DAM,BANCRSVL,Demand Forecast Day Ahead,SYS_FCST_DA_MW,2.8,109.62,DAM,7
2026-04-07T01:00:00-00:00,2026-04-07T02:00:00-00:00,1,2026-04-06,19,0,DAM,BANCRSVL,Demand Forecast Day Ahead,SYS_FCST_DA_MW,2.8,160.36,DAM,7
2026-04-06T14:00:00-00:00,2026-04-06T15:00:00-00:00,1,2026-04-06,8,0,DAM,BANCRSVL,Demand Forecast Day Ahead,SYS_FCST_DA_MW,2.8,114.41,DAM,7
2026-04-07T03:00:00-00:00,2026-04-07T04:00:00-00:00,1,2026-04-06,21,0,DAM,BANCRSVL,Demand Forecast Day Ahead,SYS_FCST_DA_MW,2.8,157.65,DAM,7
2026-04-06T08:00:00-00:00,2026-04-06T09:00:00-00:00,1,2026-04-06,2,0,DAM,BANCRSVL,Demand Forecast Day Ahead,SYS_FCST_DA_MW,2.8,99.95,DAM,7
2026-04-06T09:00:00-00:00,2026-04-06T10:00:00-00:00,1,2026-04-06,3,0,DAM,BANCRSVL,Demand Forecast Day Ahead,SYS_FCST_DA_MW,2.8,95.16,DAM,7
2026-04-06T11:00:00-00:00,2026-04-06T12:00:00-00:00,1,2026-04-06,5,0,DAM,BANCRSVL,Demand Forecast Day Ahead,SYS_FCST_DA_MW,2.8,93.72,DAM,7
2026-04-06T23:00:00-00:00,2026-04-07T00:00:00-00:00,1,2026-04-06,17,0,DAM,BANCRSVL,Demand Forecast Day Ahead,SYS_FCST_DA_MW,2.8,147.92,DAM,7
2026-04-07T00:00:00-00:00,2026-04-07T01:00:00-00:00,1,2026-04-06,18,0,DAM,BANCRSVL,Demand Forecast Day Ahead,SYS_FCST_DA_MW,2.8,156.88,DAM,7
2026-04-07T04:00:00-00:00,2026-04-07T05:00:00-00:00,1,2026-04-06,22,0,DAM,BANCRSVL,Demand Forecast Day Ahead,SYS_FCST_DA_MW,2.8,144.22,DAM,7
2026-04-07T05:00:00-00:00,2026-04-07T06:00:00-00:00,1,2026-04-06,23,0,DAM,BANCRSVL,Demand Forecast Day Ahead,SYS_FCST_DA_MW,2.8,128.83,DAM,7
2026-04-06T15:00:00-00:00,2026-04-06T16:00:00-00:00,1,2026-04-06,9,0,DAM,BANCRSVL,Demand Forecast Day Ahead,SYS_FCST_DA_MW,2.8,115.7,DAM,7
2026-04-06T19:00:00-00:00,2026-04-06T20:00:00-00:00,1,2026-04-06,13,0,DAM,BANCRSVL,Demand Forecast Day Ahead,SYS_FCST_DA_MW,2.8,116.14,DAM,7
2026-04-06T10:00:00-00:00,2026-04-06T11:00:00-00:00,1,2026-04-06,4,0,DAM,BANCRSVL,Demand Forecast Day Ahead,SYS_FCST_DA_MW,2.8,92.52,DAM,7
2026-04-06T10:00:00-00:00,2026-04-06T11:00:00-00:00,1,2026-04-06,4,0,DAM,BANCSMUD,Demand Forecast Day Ahead,SYS_FCST_DA_MW,2.8,884.7,DAM,8
2026-04-06T08:00:00-00:00,2026-04-06T09:00:00-00:00,1,2026-04-06,2,0,DAM,BANCSMUD,Demand Forecast Day Ahead,SYS_FCST_DA_MW,2.8,949.79,DAM,8
2026-04-06T20:00:00-00:00,2026-04-06T21:00:00-00:00,1,2026-04-06,14,0,DAM,BANCSMUD,Demand Forecast Day Ahead,SYS_FCST_DA_MW,2.8,1174.52,DAM,8
2026-04-06T15:00:00-00:00,2026-04-06T16:00:00-00:00,1,2026-04-06,9,0,DAM,BANCSMUD,Demand Forecast Day Ahead,SYS_FCST_DA_MW,2.8,1111.22,DAM,8
2026-04-06T22:00:00-00:00,2026-04-06T23:00:00-00:00,1,2026-04-06,16,0,DAM,BANCSMUD,Demand Forecast Day Ahead,SYS_FCST_DA_MW,2.8,1291.8,DAM,8
2026-04-06T14:00:00-00:00,2026-04-06T15:00:00-00:00,1,2026-04-06,8,0,DAM,BANCSMUD,Demand Forecast Day Ahead,SYS_FCST_DA_MW,2.8,1099.5,DAM,8
2026-04-07T06:00:00-00:00,2026-04-07T07:00:00-00:00,1,2026-04-06,24,0,DAM,BANCSMUD,Demand Forecast Day Ahead,SYS_FCST_DA_MW,2.8,979.59,DAM,8
2026-04-07T03:00:00-00:00,2026-04-07T04:00:00-00:00,1,2026-04-06,21,0,DAM,BANCSMUD,Demand Forecast Day Ahead,SYS_FCST_DA_MW,2.8,1280.18,DAM,8
2026-04-07T02:00:00-00:00,2026-04-07T03:00:00-00:00,1,2026-04-06,20,0,DAM,BANCSMUD,Demand Forecast Day Ahead,SYS_FCST_DA_MW,2.8,1306.92,DAM,8
2026-04-06T19:00:00-00:00,2026-04-06T20:00:00-00:00,1,2026-04-06,13,0,DAM,BANCSMUD,Demand Forecast Day Ahead,SYS_FCST_DA_MW,2.8,1142.84,DAM,8
2026-04-06T13:00:00-00:00,2026-04-06T14:00:00-00:00,1,2026-04-06,7,0,DAM,BANCSMUD,Demand Forecast Day Ahead,SYS_FCST_DA_MW,2.8,1040.23,DAM,8
2026-04-07T01:00:00-00:00,2026-04-07T02:00:00-00:00,1,2026-04-06,19,0,DAM,BANCSMUD,Demand Forecast Day Ahead,SYS_FCST_DA_MW,2.8,1340.16,DAM,8
2026-04-07T00:00:00-00:00,2026-04-07T01:00:00-00:00,1,2026-04-06,18,0,DAM,BANCSMUD,Demand Forecast Day Ahead,SYS_FCST_DA_MW,2.8,1361.59,DAM,8
2026-04-06T11:00:00-00:00,2026-04-06T12:00:00-00:00,1,2026-04-06,5,0,DAM,BANCSMUD,Demand Forecast Day Ahead,SYS_FCST_DA_MW,2.8,907.58,DAM,8
2026-04-06T07:00:00-00:00,2026-04-06T08:00:00-00:00,1,2026-04-06,1,0,DAM,BANCSMUD,Demand Forecast Day Ahead,SYS_FCST_DA_MW,2.8,996.89,DAM,8
2026-04-06T16:00:00-00:00,2026-04-06T17:00:00-00:00,1,2026-04-06,10,0,DAM,BANCSMUD,Demand Forecast Day Ahead,SYS_FCST_DA_MW,2.8,1121.2,DAM,8
2026-04-06T09:00:00-00:00,2026-04-06T10:00:00-00:00,1,2026-04-06,3,0,DAM,BANCSMUD,Demand Forecast Day Ahead,SYS_FCST_DA_MW,2.8,902.38,DAM,8
2026-04-06T23:00:00-00:00,2026-04-07T00:00:00-00:00,1,2026-04-06,17,0,DAM,BANCSMUD,Demand Forecast Day Ahead,SYS_FCST_DA_MW,2.8,1348.31,DAM,8
2026-04-06T21:00:00-00:00,2026-04-06T22:00:00-00:00,1,2026-04-06,15,0,DAM,BANCSMUD,Demand Forecast Day Ahead,SYS_FCST_DA_MW,2.8,1227.11,DAM,8
2026-04-06T18:00:00-00:00,2026-04-06T19:00:00-00:00,1,2026-04-06,12,0,DAM,BANCSMUD,Demand Forecast Day Ahead,SYS_FCST_DA_MW,2.8,1125.16,DAM,8
2026-04-06T17:00:00-00:00,2026-04-06T18:00:00-00:00,1,2026-04-06,11,0,DAM,BANCSMUD,Demand Forecast Day Ahead,SYS_FCST_DA_MW,2.8,1119.41,DAM,8
2026-04-07T05:00:00-00:00,2026-04-07T06:00:00-00:00,1,2026-04-06,23,0,DAM,BANCSMUD,Demand Forecast Day Ahead,SYS_FCST_DA_MW,2.8,1074.59,DAM,8
2026-04-06T12:00:00-00:00,2026-04-06T13:00:00-00:00,1,2026-04-06,6,0,DAM,BANCSMUD,Demand Forecast Day Ahead,SYS_FCST_DA_MW,2.8,960.13,DAM,8
2026-04-07T04:00:00-00:00,2026-04-07T05:00:00-00:00,1,2026-04-06,22,0,DAM,BANCSMUD,Demand Forecast Day Ahead,SYS_FCST_DA_MW,2.8,1184.4,DAM,8
2026-04-06T17:00:00-00:00,2026-04-06T18:00:00-00:00,1,2026-04-06,11,0,DAM,BANCWASN,Demand Forecast Day Ahead,SYS_FCST_DA_MW,2.8,29.65,DAM,9
2026-04-06T20:00:00-00:00,2026-04-06T21:00:00-00:00,1,2026-04-06,14,0,DAM,BANCWASN,Demand Forecast Day Ahead,SYS_FCST_DA_MW,2.8,29.11,DAM,9
2026-04-06T18:00:00-00:00,2026-04-06T19:00:00-00:00,1,2026-04-06,12,0,DAM,BANCWASN,Demand Forecast Day Ahead,SYS_FCST_DA_MW,2.8,30.23,DAM,9
2026-04-06T09:00:00-00:00,2026-04-06T10:00:00-00:00,1,2026-04-06,3,0,DAM,BANCWASN,Demand Forecast Day Ahead,SYS_FCST_DA_MW,2.8,28.09,DAM,9
2026-04-06T21:00:00-00:00,2026-04-06T22:00:00-00:00,1,2026-04-06,15,0,DAM,BANCWASN,Demand Forecast Day Ahead,SYS_FCST_DA_MW,2.8,29.84,DAM,9
2026-04-06T14:00:00-00:00,2026-04-06T15:00:00-00:00,1,2026-04-06,8,0,DAM,BANCWASN,Demand Forecast Day Ahead,SYS_FCST_DA_MW,2.8,33.81,DAM,9
2026-04-06T13:00:00-00:00,2026-04-06T14:00:00-00:00,1,2026-04-06,7,0,DAM,BANCWASN,Demand Forecast Day Ahead,SYS_FCST_DA_MW,2.8,32.04,DAM,9
2026-04-06T10:00:00-00:00,2026-04-06T11:00:00-00:00,1,2026-04-06,4,0,DAM,BANCWASN,Demand Forecast Day Ahead,SYS_FCST_DA_MW,2.8,27.89,DAM,9
2026-04-06T19:00:00-00:00,2026-04-06T20:00:00-00:00,1,2026-04-06,13,0,DAM,BANCWASN,Demand Forecast Day Ahead,SYS_FCST_DA_MW,2.8,28.84,DAM,9
2026-04-06T07:00:00-00:00,2026-04-06T08:00:00-00:00,1,2026-04-06,1,0,DAM,BANCWASN,Demand Forecast Day Ahead,SYS_FCST_DA_MW,2.8,28.77,DAM,9
2026-04-06T12:00:00-00:00,2026-04-06T13:00:00-00:00,1,2026-04-06,6,0,DAM,BANCWASN,Demand Forecast Day Ahead,SYS_FCST_DA_MW,2.8,30.55,DAM,9
2026-04-06T08:00:00-00:00,2026-04-06T09:00:00-00:00,1,2026-04-06,2,0,DAM,BANCWASN,Demand Forecast Day Ahead,SYS_FCST_DA_MW,2.8,28.9,DAM,9
2026-04-07T03:00:00-00:00,2026-04-07T04:00:00-00:00,1,2026-04-06,21,0,DAM,BANCWASN,Demand Forecast Day Ahead,SYS_FCST_DA_MW,2.8,31.3,DAM,9
2026-04-07T01:00:00-00:00,2026-04-07T02:00:00-00:00,1,2026-04-06,19,0,DAM,BANCWASN,Demand Forecast Day Ahead,SYS_FCST_DA_MW,2.8,30.98,DAM,9
2026-04-07T06:00:00-00:00,2026-04-07T07:00:00-00:00,1,2026-04-06,24,0,DAM,BANCWASN,Demand Forecast Day Ahead,SYS_FCST_DA_MW,2.8,30.39,DAM,9
2026-04-07T05:00:00-00:00,2026-04-07T06:00:00-00:00,1,2026-04-06,23,0,DAM,BANCWASN,Demand Forecast Day Ahead,SYS_FCST_DA_MW,2.8,31.47,DAM,9
2026-04-07T02:00:00-00:00,2026-04-07T03:00:00-00:00,1,2026-04-06,20,0,DAM,BANCWASN,Demand Forecast Day Ahead,SYS_FCST_DA_MW,2.8,31.46,DAM,9
2026-04-06T16:00:00-00:00,2026-04-06T17:00:00-00:00,1,2026-04-06,10,0,DAM,BANCWASN,Demand Forecast Day Ahead,SYS_FCST_DA_MW,2.8,30.63,DAM,9
2026-04-06T15:00:00-00:00,2026-04-06T16:00:00-00:00,1,2026-04-06,9,0,DAM,BANCWASN,Demand Forecast Day Ahead,SYS_FCST_DA_MW,2.8,32.88,DAM,9
2026-04-07T00:00:00-00:00,2026-04-07T01:00:00-00:00,1,2026-04-06,18,0,DAM,BANCWASN,Demand Forecast Day Ahead,SYS_FCST_DA_MW,2.8,32.29,DAM,9
2026-04-07T04:00:00-00:00,2026-04-07T05:00:00-00:00,1,2026-04-06,22,0,DAM,BANCWASN,Demand Forecast Day Ahead,SYS_FCST_DA_MW,2.8,32.31,DAM,9
2026-04-06T23:00:00-00:00,2026-04-07T00:00:00-00:00,1,2026-04-06,17,0,DAM,BANCWASN,Demand Forecast Day Ahead,SYS_FCST_DA_MW,2.8,32.09,DAM,9
2026-04-06T22:00:00-00:00,2026-04-06T23:00:00-00:00,1,2026-04-06,16,0,DAM,BANCWASN,Demand Forecast Day Ahead,SYS_FCST_DA_MW,2.8,29.56,DAM,9
2026-04-06T11:00:00-00:00,2026-04-06T12:00:00-00:00,1,2026-04-06,5,0,DAM,BANCWASN,Demand Forecast Day Ahead,SYS_FCST_DA_MW,2.8,28.67,DAM,9
2026-04-06T14:00:00-00:00,2026-04-06T15:00:00-00:00,1,2026-04-06,8,0,DAM,BPAT,Demand Forecast Day Ahead,SYS_FCST_DA_MW,2.8,6847.93,DAM,10
2026-04-06T13:00:00-00:00,2026-04-06T14:00:00-00:00,1,2026-04-06,7,0,DAM,BPAT,Demand Forecast Day Ahead,SYS_FCST_DA_MW,2.8,6551.74,DAM,10
2026-04-06T11:00:00-00:00,2026-04-06T12:00:00-00:00,1,2026-04-06,5,0,DAM,BPAT,Demand Forecast Day Ahead,SYS_FCST_DA_MW,2.8,5499.21,DAM,10
2026-04-06T16:00:00-00:00,2026-04-06T17:00:00-00:00,1,2026-04-06,10,0,DAM,BPAT,Demand Forecast Day Ahead,SYS_FCST_DA_MW,2.8,6670.15,DAM,10
2026-04-06T23:00:00-00:00,2026-04-07T00:00:00-00:00,1,2026-04-06,17,0,DAM,BPAT,Demand Forecast Day Ahead,SYS_FCST_DA_MW,2.8,6222.79,DAM,10
2026-04-07T04:00:00-00:00,2026-04-07T05:00:00-00:00,1,2026-04-06,22,0,DAM,BPAT,Demand Forecast Day Ahead,SYS_FCST_DA_MW,2.8,6276.18,DAM,10
2026-04-06T15:00:00-00:00,2026-04-06T16:00:00-00:00,1,2026-04-06,9,0,DAM,BPAT,Demand Forecast Day Ahead,SYS_FCST_DA_MW,2.8,6797.28,DAM,10
2026-04-06T17:00:00-00:00,2026-04-06T18:00:00-00:00,1,2026-04-06,11,0,DAM,BPAT,Demand Forecast Day Ahead,SYS_FCST_DA_MW,2.8,6531.92,DAM,10
2026-04-07T00:00:00-00:00,2026-04-07T01:00:00-00:00,1,2026-04-06,18,0,DAM,BPAT,Demand Forecast Day Ahead,SYS_FCST_DA_MW,2.8,6327.69,DAM,10
2026-04-07T01:00:00-00:00,2026-04-07T02:00:00-00:00,1,2026-04-06,19,0,DAM,BPAT,Demand Forecast Day Ahead,SYS_FCST_DA_MW,2.8,6403.33,DAM,10
2026-04-06T08:00:00-00:00,2026-04-06T09:00:00-00:00,1,2026-04-06,2,0,DAM,BPAT,Demand Forecast Day Ahead,SYS_FCST_DA_MW,2.8,5182.01,DAM,10
2026-04-06T21:00:00-00:00,2026-04-06T22:00:00-00:00,1,2026-04-06,15,0,DAM,BPAT,Demand Forecast Day Ahead,SYS_FCST_DA_MW,2.8,6227.85,DAM,10
2026-04-07T06:00:00-00:00,2026-04-07T07:00:00-00:00,1,2026-04-06,24,0,DAM,BPAT,Demand Forecast Day Ahead,SYS_FCST_DA_MW,2.8,5626.13,DAM,10
2026-04-07T03:00:00-00:00,2026-04-07T04:00:00-00:00,1,2026-04-06,21,0,DAM,BPAT,Demand Forecast Day Ahead,SYS_FCST_DA_MW,2.8,6501.87,DAM,10
2026-04-07T02:00:00-00:00,2026-04-07T03:00:00-00:00,1,2026-04-06,20,0,DAM,BPAT,Demand Forecast Day Ahead,SYS_FCST_DA_MW,2.8,6463.71,DAM,10
2026-04-07T05:00:00-00:00,2026-04-07T06:00:00-00:00,1,2026-04-06,23,0,DAM,BPAT,Demand Forecast Day Ahead,SYS_FCST_DA_MW,2.8,5928.46,DAM,10
2026-04-06T09:00:00-00:00,2026-04-06T10:00:00-00:00,1,2026-04-06,3,0,DAM,BPAT,Demand Forecast Day Ahead,SYS_FCST_DA_MW,2.8,5188.25,DAM,10
2026-04-06T12:00:00-00:00,2026-04-06T13:00:00-00:00,1,2026-04-06,6,0,DAM,BPAT,Demand Forecast Day Ahead,SYS_FCST_DA_MW,2.8,5972.01,DAM,10
2026-04-06T18:00:00-00:00,2026-04-06T19:00:00-00:00,1,2026-04-06,12,0,DAM,BPAT,Demand Forecast Day Ahead,SYS_FCST_DA_MW,2.8,6434.71,DAM,10
2026-04-06T22:00:00-00:00,2026-04-06T23:00:00-00:00,1,2026-04-06,16,0,DAM,BPAT,Demand Forecast Day Ahead,SYS_FCST_DA_MW,2.8,6190.68,DAM,10
2026-04-06T10:00:00-00:00,2026-04-06T11:00:00-00:00,1,2026-04-06,4,0,DAM,BPAT,Demand Forecast Day Ahead,SYS_FCST_DA_MW,2.8,5261.06,DAM,10
2026-04-06T20:00:00-00:00,2026-04-06T21:00:00-00:00,1,2026-04-06,14,0,DAM,BPAT,Demand Forecast Day Ahead,SYS_FCST_DA_MW,2.8,6287.37,DAM,10
2026-04-06T07:00:00-00:00,2026-04-06T08:00:00-00:00,1,2026-04-06,1,0,DAM,BPAT,Demand Forecast Day Ahead,SYS_FCST_DA_MW,2.8,5247.1,DAM,10
2026-04-06T19:00:00-00:00,2026-04-06T20:00:00-00:00,1,2026-04-06,13,0,DAM,BPAT,Demand Forecast Day Ahead,SYS_FCST_DA_MW,2.8,6358.91,DAM,10
2026-04-06T09:00:00-00:00,2026-04-06T10:00:00-00:00,1,2026-04-06,3,0,DAM,CA ISO-TAC,Demand Forecast Day Ahead,SYS_FCST_DA_MW,2,20237.94,DAM,11
2026-04-07T02:00:00-00:00,2026-04-07T03:00:00-00:00,1,2026-04-06,20,0,DAM,CA ISO-TAC,Demand Forecast Day Ahead,SYS_FCST_DA_MW,2,27488.81,DAM,11
2026-04-06T14:00:00-00:00,2026-04-06T15:00:00-00:00,1,2026-04-06,8,0,DAM,CA ISO-TAC,Demand Forecast Day Ahead,SYS_FCST_DA_MW,2,23865.04,DAM,11
2026-04-06T18:00:00-00:00,2026-04-06T19:00:00-00:00,1,2026-04-06,12,0,DAM,CA ISO-TAC,Demand Forecast Day Ahead,SYS_FCST_DA_MW,2,18512.57,DAM,11
2026-04-07T06:00:00-00:00,2026-04-07T07:00:00-00:00,1,2026-04-06,24,0,DAM,CA ISO-TAC,Demand Forecast Day Ahead,SYS_FCST_DA_MW,2,23107.91,DAM,11
2026-04-06T16:00:00-00:00,2026-04-06T17:00:00-00:00,1,2026-04-06,10,0,DAM,CA ISO-TAC,Demand Forecast Day Ahead,SYS_FCST_DA_MW,2,21534.25,DAM,11
2026-04-06T19:00:00-00:00,2026-04-06T20:00:00-00:00,1,2026-04-06,13,0,DAM,CA ISO-TAC,Demand Forecast Day Ahead,SYS_FCST_DA_MW,2,17861.86,DAM,11
2026-04-06T23:00:00-00:00,2026-04-07T00:00:00-00:00,1,2026-04-06,17,0,DAM,CA ISO-TAC,Demand Forecast Day Ahead,SYS_FCST_DA_MW,2,21822.49,DAM,11
2026-04-07T00:00:00-00:00,2026-04-07T01:00:00-00:00,1,2026-04-06,18,0,DAM,CA ISO-TAC,Demand Forecast Day Ahead,SYS_FCST_DA_MW,2,24284.4,DAM,11
2026-04-07T03:00:00-00:00,2026-04-07T04:00:00-00:00,1,2026-04-06,21,0,DAM,CA ISO-TAC,Demand Forecast Day Ahead,SYS_FCST_DA_MW,2,27091.01,DAM,11
2026-04-06T08:00:00-00:00,2026-04-06T09:00:00-00:00,1,2026-04-06,2,0,DAM,CA ISO-TAC,Demand Forecast Day Ahead,SYS_FCST_DA_MW,2,21013.92,DAM,11
2026-04-06T10:00:00-00:00,2026-04-06T11:00:00-00:00,1,2026-04-06,4,0,DAM,CA ISO-TAC,Demand Forecast Day Ahead,SYS_FCST_DA_MW,2,19886.89,DAM,11
2026-04-06T13:00:00-00:00,2026-04-06T14:00:00-00:00,1,2026-04-06,7,0,DAM,CA ISO-TAC,Demand Forecast Day Ahead,SYS_FCST_DA_MW,2,22954.47,DAM,11
2026-04-06T15:00:00-00:00,2026-04-06T16:00:00-00:00,1,2026-04-06,9,0,DAM,CA ISO-TAC,Demand Forecast Day Ahead,SYS_FCST_DA_MW,2,23152.37,DAM,11
2026-04-06T20:00:00-00:00,2026-04-06T21:00:00-00:00,1,2026-04-06,14,0,DAM,CA ISO-TAC,Demand Forecast Day Ahead,SYS_FCST_DA_MW,2,17838.95,DAM,11
2026-04-07T01:00:00-00:00,2026-04-07T02:00:00-00:00,1,2026-04-06,19,0,DAM,CA ISO-TAC,Demand Forecast Day Ahead,SYS_FCST_DA_MW,2,26581.54,DAM,11
2026-04-06T07:00:00-00:00,2026-04-06T08:00:00-00:00,1,2026-04-06,1,0,DAM,CA ISO-TAC,Demand Forecast Day Ahead,SYS_FCST_DA_MW,2,21805.08,DAM,11
2026-04-06T17:00:00-00:00,2026-04-06T18:00:00-00:00,1,2026-04-06,11,0,DAM,CA ISO-TAC,Demand Forecast Day Ahead,SYS_FCST_DA_MW,2,19824.22,DAM,11
2026-04-07T05:00:00-00:00,2026-04-07T06:00:00-00:00,1,2026-04-06,23,0,DAM,CA ISO-TAC,Demand Forecast Day Ahead,SYS_FCST_DA_MW,2,24732.77,DAM,11
2026-04-07T04:00:00-00:00,2026-04-07T05:00:00-00:00,1,2026-04-06,22,0,DAM,CA ISO-TAC,Demand Forecast Day Ahead,SYS_FCST_DA_MW,2,26308.21,DAM,11
2026-04-06T12:00:00-00:00,2026-04-06T13:00:00-00:00,1,2026-04-06,6,0,DAM,CA ISO-TAC,Demand Forecast Day Ahead,SYS_FCST_DA_MW,2,21339.25,DAM,11
2026-04-06T21:00:00-00:00,2026-04-06T22:00:00-00:00,1,2026-04-06,15,0,DAM,CA ISO-TAC,Demand Forecast Day Ahead,SYS_FCST_DA_MW,2,18577.89,DAM,11
2026-04-06T22:00:00-00:00,2026-04-06T23:00:00-00:00,1,2026-04-06,16,0,DAM,CA ISO-TAC,Demand Forecast Day Ahead,SYS_FCST_DA_MW,2,19896.21,DAM,11
2026-04-06T11:00:00-00:00,2026-04-06T12:00:00-00:00,1,2026-04-06,5,0,DAM,CA ISO-TAC,Demand Forecast Day Ahead,SYS_FCST_DA_MW,2,20214.56,DAM,11
2026-04-06T07:00:00-00:00,2026-04-06T08:00:00-00:00,1,2026-04-06,1,0,DAM,EPE,Demand Forecast Day Ahead,SYS_FCST_DA_MW,2.8,659.45,DAM,12
2026-04-06T12:00:00-00:00,2026-04-06T13:00:00-00:00,1,2026-04-06,6,0,DAM,EPE,Demand Forecast Day Ahead,SYS_FCST_DA_MW,2.8,785.99,DAM,12
2026-04-06T22:00:00-00:00,2026-04-06T23:00:00-00:00,1,2026-04-06,16,0,DAM,EPE,Demand Forecast Day Ahead,SYS_FCST_DA_MW,2.8,839.97,DAM,12
2026-04-06T08:00:00-00:00,2026-04-06T09:00:00-00:00,1,2026-04-06,2,0,DAM,EPE,Demand Forecast Day Ahead,SYS_FCST_DA_MW,2.8,646.49,DAM,12
2026-04-06T13:00:00-00:00,2026-04-06T14:00:00-00:00,1,2026-04-06,7,0,DAM,EPE,Demand Forecast Day Ahead,SYS_FCST_DA_MW,2.8,804.87,DAM,12
2026-04-06T15:00:00-00:00,2026-04-06T16:00:00-00:00,1,2026-04-06,9,0,DAM,EPE,Demand Forecast Day Ahead,SYS_FCST_DA_MW,2.8,754.27,DAM,12
2026-04-06T18:00:00-00:00,2026-04-06T19:00:00-00:00,1,2026-04-06,12,0,DAM,EPE,Demand Forecast Day Ahead,SYS_FCST_DA_MW,2.8,720.56,DAM,12
2026-04-06T20:00:00-00:00,2026-04-06T21:00:00-00:00,1,2026-04-06,14,0,DAM,EPE,Demand Forecast Day Ahead,SYS_FCST_DA_MW,2.8,758.43,DAM,12
2026-04-06T23:00:00-00:00,2026-04-07T00:00:00-00:00,1,2026-04-06,17,0,DAM,EPE,Demand Forecast Day Ahead,SYS_FCST_DA_MW,2.8,879.65,DAM,12
2026-04-06T10:00:00-00:00,2026-04-06T11:00:00-00:00,1,2026-04-06,4,0,DAM,EPE,Demand Forecast Day Ahead,SYS_FCST_DA_MW,2.8,664.53,DAM,12
2026-04-06T21:00:00-00:00,2026-04-06T22:00:00-00:00,1,2026-04-06,15,0,DAM,EPE,Demand Forecast Day Ahead,SYS_FCST_DA_MW,2.8,794.64,DAM,12
2026-04-07T04:00:00-00:00,2026-04-07T05:00:00-00:00,1,2026-04-06,22,0,DAM,EPE,Demand Forecast Day Ahead,SYS_FCST_DA_MW,2.8,825.49,DAM,12
2026-04-06T11:00:00-00:00,2026-04-06T12:00:00-00:00,1,2026-04-06,5,0,DAM,EPE,Demand Forecast Day Ahead,SYS_FCST_DA_MW,2.8,712.58,DAM,12
2026-04-07T03:00:00-00:00,2026-04-07T04:00:00-00:00,1,2026-04-06,21,0,DAM,EPE,Demand Forecast Day Ahead,SYS_FCST_DA_MW,2.8,893.09,DAM,12
2026-04-07T06:00:00-00:00,2026-04-07T07:00:00-00:00,1,2026-04-06,24,0,DAM,EPE,Demand Forecast Day Ahead,SYS_FCST_DA_MW,2.8,709.29,DAM,12
2026-04-06T09:00:00-00:00,2026-04-06T10:00:00-00:00,1,2026-04-06,3,0,DAM,EPE,Demand Forecast Day Ahead,SYS_FCST_DA_MW,2.8,645.46,DAM,12
2026-04-06T14:00:00-00:00,2026-04-06T15:00:00-00:00,1,2026-04-06,8,0,DAM,EPE,Demand Forecast Day Ahead,SYS_FCST_DA_MW,2.8,786.67,DAM,12
2026-04-06T19:00:00-00:00,2026-04-06T20:00:00-00:00,1,2026-04-06,13,0,DAM,EPE,Demand Forecast Day Ahead,SYS_FCST_DA_MW,2.8,733.53,DAM,12
2026-04-07T02:00:00-00:00,2026-04-07T03:00:00-00:00,1,2026-04-06,20,0,DAM,EPE,Demand Forecast Day Ahead,SYS_FCST_DA_MW,2.8,933.35,DAM,12
2026-04-06T16:00:00-00:00,2026-04-06T17:00:00-00:00,1,2026-04-06,10,0,DAM,EPE,Demand Forecast Day Ahead,SYS_FCST_DA_MW,2.8,733.96,DAM,12
2026-04-06T17:00:00-00:00,2026-04-06T18:00:00-00:00,1,2026-04-06,11,0,DAM,EPE,Demand Forecast Day Ahead,SYS_FCST_DA_MW,2.8,722.41,DAM,12
2026-04-07T00:00:00-00:00,2026-04-07T01:00:00-00:00,1,2026-04-06,18,0,DAM,EPE,Demand Forecast Day Ahead,SYS_FCST_DA_MW,2.8,903.28,DAM,12
2026-04-07T01:00:00-00:00,2026-04-07T02:00:00-00:00,1,2026-04-06,19,0,DAM,EPE,Demand Forecast Day Ahead,SYS_FCST_DA_MW,2.8,920.59,DAM,12
2026-04-07T05:00:00-00:00,2026-04-07T06:00:00-00:00,1,2026-04-06,23,0,DAM,EPE,Demand Forecast Day Ahead,SYS_FCST_DA_MW,2.8,756.66,DAM,12
2026-04-06T14:00:00-00:00,2026-04-06T15:00:00-00:00,1,2026-04-06,8,0,DAM,IPCO,Demand Forecast Day Ahead,SYS_FCST_DA_MW,2.8,1952.37,DAM,13
2026-04-06T22:00:00-00:00,2026-04-06T23:00:00-00:00,1,2026-04-06,16,0,DAM,IPCO,Demand Forecast Day Ahead,SYS_FCST_DA_MW,2.8,1814.09,DAM,13
2026-04-07T04:00:00-00:00,2026-04-07T05:00:00-00:00,1,2026-04-06,22,0,DAM,IPCO,Demand Forecast Day Ahead,SYS_FCST_DA_MW,2.8,1685.07,DAM,13
2026-04-06T12:00:00-00:00,2026-04-06T13:00:00-00:00,1,2026-04-06,6,0,DAM,IPCO,Demand Forecast Day Ahead,SYS_FCST_DA_MW,2.8,1817.62,DAM,13
2026-04-06T16:00:00-00:00,2026-04-06T17:00:00-00:00,1,2026-04-06,10,0,DAM,IPCO,Demand Forecast Day Ahead,SYS_FCST_DA_MW,2.8,1868.31,DAM,13
2026-04-06T23:00:00-00:00,2026-04-07T00:00:00-00:00,1,2026-04-06,17,0,DAM,IPCO,Demand Forecast Day Ahead,SYS_FCST_DA_MW,2.8,1848.93,DAM,13
2026-04-06T07:00:00-00:00,2026-04-06T08:00:00-00:00,1,2026-04-06,1,0,DAM,IPCO,Demand Forecast Day Ahead,SYS_FCST_DA_MW,2.8,1455.51,DAM,13
2026-04-06T17:00:00-00:00,2026-04-06T18:00:00-00:00,1,2026-04-06,11,0,DAM,IPCO,Demand Forecast Day Ahead,SYS_FCST_DA_MW,2.8,1827.41,DAM,13
2026-04-06T20:00:00-00:00,2026-04-06T21:00:00-00:00,1,2026-04-06,14,0,DAM,IPCO,Demand Forecast Day Ahead,SYS_FCST_DA_MW,2.8,1774.02,DAM,13
2026-04-07T00:00:00-00:00,2026-04-07T01:00:00-00:00,1,2026-04-06,18,0,DAM,IPCO,Demand Forecast Day Ahead,SYS_FCST_DA_MW,2.8,1878.91,DAM,13
2026-04-06T21:00:00-00:00,2026-04-06T22:00:00-00:00,1,2026-04-06,15,0,DAM,IPCO,Demand Forecast Day Ahead,SYS_FCST_DA_MW,2.8,1786.99,DAM,13
2026-04-07T06:00:00-00:00,2026-04-07T07:00:00-00:00,1,2026-04-06,24,0,DAM,IPCO,Demand Forecast Day Ahead,SYS_FCST_DA_MW,2.8,1500.43,DAM,13
2026-04-06T08:00:00-00:00,2026-04-06T09:00:00-00:00,1,2026-04-06,2,0,DAM,IPCO,Demand Forecast Day Ahead,SYS_FCST_DA_MW,2.8,1449.99,DAM,13
2026-04-06T09:00:00-00:00,2026-04-06T10:00:00-00:00,1,2026-04-06,3,0,DAM,IPCO,Demand Forecast Day Ahead,SYS_FCST_DA_MW,2.8,1458.05,DAM,13
2026-04-06T11:00:00-00:00,2026-04-06T12:00:00-00:00,1,2026-04-06,5,0,DAM,IPCO,Demand Forecast Day Ahead,SYS_FCST_DA_MW,2.8,1625.94,DAM,13
2026-04-06T19:00:00-00:00,2026-04-06T20:00:00-00:00,1,2026-04-06,13,0,DAM,IPCO,Demand Forecast Day Ahead,SYS_FCST_DA_MW,2.8,1785.13,DAM,13
2026-04-07T01:00:00-00:00,2026-04-07T02:00:00-00:00,1,2026-04-06,19,0,DAM,IPCO,Demand Forecast Day Ahead,SYS_FCST_DA_MW,2.8,1884.92,DAM,13
2026-04-07T02:00:00-00:00,2026-04-07T03:00:00-00:00,1,2026-04-06,20,0,DAM,IPCO,Demand Forecast Day Ahead,SYS_FCST_DA_MW,2.8,1909.89,DAM,13
2026-04-07T03:00:00-00:00,2026-04-07T04:00:00-00:00,1,2026-04-06,21,0,DAM,IPCO,Demand Forecast Day Ahead,SYS_FCST_DA_MW,2.8,1826.02,DAM,13
2026-04-07T05:00:00-00:00,2026-04-07T06:00:00-00:00,1,2026-04-06,23,0,DAM,IPCO,Demand Forecast Day Ahead,SYS_FCST_DA_MW,2.8,1570.58,DAM,13
2026-04-06T10:00:00-00:00,2026-04-06T11:00:00-00:00,1,2026-04-06,4,0,DAM,IPCO,Demand Forecast Day Ahead,SYS_FCST_DA_MW,2.8,1505.55,DAM,13
2026-04-06T13:00:00-00:00,2026-04-06T14:00:00-00:00,1,2026-04-06,7,0,DAM,IPCO,Demand Forecast Day Ahead,SYS_FCST_DA_MW,2.8,1951.69,DAM,13
2026-04-06T18:00:00-00:00,2026-04-06T19:00:00-00:00,1,2026-04-06,12,0,DAM,IPCO,Demand Forecast Day Ahead,SYS_FCST_DA_MW,2.8,1806.46,DAM,13
2026-04-06T15:00:00-00:00,2026-04-06T16:00:00-00:00,1,2026-04-06,9,0,DAM,IPCO,Demand Forecast Day Ahead,SYS_FCST_DA_MW,2.8,1916.46,DAM,13
2026-04-06T07:00:00-00:00,2026-04-06T08:00:00-00:00,1,2026-04-06,1,0,DAM,LADWP,Demand Forecast Day Ahead,SYS_FCST_DA_MW,2.8,2157.44,DAM,14
2026-04-07T03:00:00-00:00,2026-04-07T04:00:00-00:00,1,2026-04-06,21,0,DAM,LADWP,Demand Forecast Day Ahead,SYS_FCST_DA_MW,2.8,2795.47,DAM,14
2026-04-06T12:00:00-00:00,2026-04-06T13:00:00-00:00,1,2026-04-06,6,0,DAM,LADWP,Demand Forecast Day Ahead,SYS_FCST_DA_MW,2.8,2024.09,DAM,14
2026-04-06T16:00:00-00:00,2026-04-06T17:00:00-00:00,1,2026-04-06,10,0,DAM,LADWP,Demand Forecast Day Ahead,SYS_FCST_DA_MW,2.8,2399.92,DAM,14
2026-04-06T19:00:00-00:00,2026-04-06T20:00:00-00:00,1,2026-04-06,13,0,DAM,LADWP,Demand Forecast Day Ahead,SYS_FCST_DA_MW,2.8,2439.98,DAM,14
2026-04-06T21:00:00-00:00,2026-04-06T22:00:00-00:00,1,2026-04-06,15,0,DAM,LADWP,Demand Forecast Day Ahead,SYS_FCST_DA_MW,2.8,2577.74,DAM,14
2026-04-07T00:00:00-00:00,2026-04-07T01:00:00-00:00,1,2026-04-06,18,0,DAM,LADWP,Demand Forecast Day Ahead,SYS_FCST_DA_MW,2.8,2831.6,DAM,14
2026-04-07T01:00:00-00:00,2026-04-07T02:00:00-00:00,1,2026-04-06,19,0,DAM,LADWP,Demand Forecast Day Ahead,SYS_FCST_DA_MW,2.8,2845.19,DAM,14
2026-04-07T05:00:00-00:00,2026-04-07T06:00:00-00:00,1,2026-04-06,23,0,DAM,LADWP,Demand Forecast Day Ahead,SYS_FCST_DA_MW,2.8,2517.98,DAM,14
2026-04-06T14:00:00-00:00,2026-04-06T15:00:00-00:00,1,2026-04-06,8,0,DAM,LADWP,Demand Forecast Day Ahead,SYS_FCST_DA_MW,2.8,2318.37,DAM,14
2026-04-06T23:00:00-00:00,2026-04-07T00:00:00-00:00,1,2026-04-06,17,0,DAM,LADWP,Demand Forecast Day Ahead,SYS_FCST_DA_MW,2.8,2762.11,DAM,14
2026-04-06T13:00:00-00:00,2026-04-06T14:00:00-00:00,1,2026-04-06,7,0,DAM,LADWP,Demand Forecast Day Ahead,SYS_FCST_DA_MW,2.8,2188.38,DAM,14
2026-04-06T22:00:00-00:00,2026-04-06T23:00:00-00:00,1,2026-04-06,16,0,DAM,LADWP,Demand Forecast Day Ahead,SYS_FCST_DA_MW,2.8,2682.41,DAM,14
2026-04-06T11:00:00-00:00,2026-04-06T12:00:00-00:00,1,2026-04-06,5,0,DAM,LADWP,Demand Forecast Day Ahead,SYS_FCST_DA_MW,2.8,1942.1,DAM,14
2026-04-06T20:00:00-00:00,2026-04-06T21:00:00-00:00,1,2026-04-06,14,0,DAM,LADWP,Demand Forecast Day Ahead,SYS_FCST_DA_MW,2.8,2493.35,DAM,14
2026-04-07T04:00:00-00:00,2026-04-07T05:00:00-00:00,1,2026-04-06,22,0,DAM,LADWP,Demand Forecast Day Ahead,SYS_FCST_DA_MW,2.8,2680.62,DAM,14
2026-04-07T06:00:00-00:00,2026-04-07T07:00:00-00:00,1,2026-04-06,24,0,DAM,LADWP,Demand Forecast Day Ahead,SYS_FCST_DA_MW,2.8,2350.55,DAM,14
2026-04-06T08:00:00-00:00,2026-04-06T09:00:00-00:00,1,2026-04-06,2,0,DAM,LADWP,Demand Forecast Day Ahead,SYS_FCST_DA_MW,2.8,2058.54,DAM,14
2026-04-06T09:00:00-00:00,2026-04-06T10:00:00-00:00,1,2026-04-06,3,0,DAM,LADWP,Demand Forecast Day Ahead,SYS_FCST_DA_MW,2.8,1971.88,DAM,14
2026-04-06T15:00:00-00:00,2026-04-06T16:00:00-00:00,1,2026-04-06,9,0,DAM,LADWP,Demand Forecast Day Ahead,SYS_FCST_DA_MW,2.8,2393.95,DAM,14
2026-04-06T18:00:00-00:00,2026-04-06T19:00:00-00:00,1,2026-04-06,12,0,DAM,LADWP,Demand Forecast Day Ahead,SYS_FCST_DA_MW,2.8,2401.52,DAM,14
2026-04-07T02:00:00-00:00,2026-04-07T03:00:00-00:00,1,2026-04-06,20,0,DAM,LADWP,Demand Forecast Day Ahead,SYS_FCST_DA_MW,2.8,2835.59,DAM,14
2026-04-06T17:00:00-00:00,2026-04-06T18:00:00-00:00,1,2026-04-06,11,0,DAM,LADWP,Demand Forecast Day Ahead,SYS_FCST_DA_MW,2.8,2390.38,DAM,14
2026-04-06T10:00:00-00:00,2026-04-06T11:00:00-00:00,1,2026-04-06,4,0,DAM,LADWP,Demand Forecast Day Ahead,SYS_FCST_DA_MW,2.8,1926.35,DAM,14
2026-04-06T09:00:00-00:00,2026-04-06T10:00:00-00:00,1,2026-04-06,3,0,DAM,MWD-TAC,Demand Forecast Day Ahead,SYS_FCST_DA_MW,2.3,177.78,DAM,15
2026-04-07T02:00:00-00:00,2026-04-07T03:00:00-00:00,1,2026-04-06,20,0,DAM,MWD-TAC,Demand Forecast Day Ahead,SYS_FCST_DA_MW,2.3,178.15,DAM,15
2026-04-07T06:00:00-00:00,2026-04-07T07:00:00-00:00,1,2026-04-06,24,0,DAM,MWD-TAC,Demand Forecast Day Ahead,SYS_FCST_DA_MW,2.3,178.25,DAM,15
2026-04-06T16:00:00-00:00,2026-04-06T17:00:00-00:00,1,2026-04-06,10,0,DAM,MWD-TAC,Demand Forecast Day Ahead,SYS_FCST_DA_MW,2.3,179.06,DAM,15
2026-04-06T20:00:00-00:00,2026-04-06T21:00:00-00:00,1,2026-04-06,14,0,DAM,MWD-TAC,Demand Forecast Day Ahead,SYS_FCST_DA_MW,2.3,178.85,DAM,15
2026-04-07T03:00:00-00:00,2026-04-07T04:00:00-00:00,1,2026-04-06,21,0,DAM,MWD-TAC,Demand Forecast Day Ahead,SYS_FCST_DA_MW,2.3,177.69,DAM,15
2026-04-06T11:00:00-00:00,2026-04-06T12:00:00-00:00,1,2026-04-06,5,0,DAM,MWD-TAC,Demand Forecast Day Ahead,SYS_FCST_DA_MW,2.3,178.33,DAM,15
2026-04-06T12:00:00-00:00,2026-04-06T13:00:00-00:00,1,2026-04-06,6,0,DAM,MWD-TAC,Demand Forecast Day Ahead,SYS_FCST_DA_MW,2.3,177.51,DAM,15
2026-04-06T13:00:00-00:00,2026-04-06T14:00:00-00:00,1,2026-04-06,7,0,DAM,MWD-TAC,Demand Forecast Day Ahead,SYS_FCST_DA_MW,2.3,178.43,DAM,15
2026-04-06T19:00:00-00:00,2026-04-06T20:00:00-00:00,1,2026-04-06,13,0,DAM,MWD-TAC,Demand Forecast Day Ahead,SYS_FCST_DA_MW,2.3,178.84,DAM,15
2026-04-06T23:00:00-00:00,2026-04-07T00:00:00-00:00,1,2026-04-06,17,0,DAM,MWD-TAC,Demand Forecast Day Ahead,SYS_FCST_DA_MW,2.3,178.13,DAM,15
2026-04-07T00:00:00-00:00,2026-04-07T01:00:00-00:00,1,2026-04-06,18,0,DAM,MWD-TAC,Demand Forecast Day Ahead,SYS_FCST_DA_MW,2.3,178.13,DAM,15
2026-04-07T01:00:00-00:00,2026-04-07T02:00:00-00:00,1,2026-04-06,19,0,DAM,MWD-TAC,Demand Forecast Day Ahead,SYS_FCST_DA_MW,2.3,178.12,DAM,15
2026-04-06T07:00:00-00:00,2026-04-06T08:00:00-00:00,1,2026-04-06,1,0,DAM,MWD-TAC,Demand Forecast Day Ahead,SYS_FCST_DA_MW,2.3,178.38,DAM,15
2026-04-06T08:00:00-00:00,2026-04-06T09:00:00-00:00,1,2026-04-06,2,0,DAM,MWD-TAC,Demand Forecast Day Ahead,SYS_FCST_DA_MW,2.3,177.85,DAM,15
2026-04-06T21:00:00-00:00,2026-04-06T22:00:00-00:00,1,2026-04-06,15,0,DAM,MWD-TAC,Demand Forecast Day Ahead,SYS_FCST_DA_MW,2.3,178.38,DAM,15
2026-04-06T14:00:00-00:00,2026-04-06T15:00:00-00:00,1,2026-04-06,8,0,DAM,MWD-TAC,Demand Forecast Day Ahead,SYS_FCST_DA_MW,2.3,178.93,DAM,15
2026-04-06T17:00:00-00:00,2026-04-06T18:00:00-00:00,1,2026-04-06,11,0,DAM,MWD-TAC,Demand Forecast Day Ahead,SYS_FCST_DA_MW,2.3,178.81,DAM,15
2026-04-06T15:00:00-00:00,2026-04-06T16:00:00-00:00,1,2026-04-06,9,0,DAM,MWD-TAC,Demand Forecast Day Ahead,SYS_FCST_DA_MW,2.3,174.64,DAM,15
2026-04-06T22:00:00-00:00,2026-04-06T23:00:00-00:00,1,2026-04-06,16,0,DAM,MWD-TAC,Demand Forecast Day Ahead,SYS_FCST_DA_MW,2.3,178.32,DAM,15
2026-04-07T04:00:00-00:00,2026-04-07T05:00:00-00:00,1,2026-04-06,22,0,DAM,MWD-TAC,Demand Forecast Day Ahead,SYS_FCST_DA_MW,2.3,177.89,DAM,15
2026-04-07T05:00:00-00:00,2026-04-07T06:00:00-00:00,1,2026-04-06,23,0,DAM,MWD-TAC,Demand Forecast Day Ahead,SYS_FCST_DA_MW,2.3,178.33,DAM,15
2026-04-06T10:00:00-00:00,2026-04-06T11:00:00-00:00,1,2026-04-06,4,0,DAM,MWD-TAC,Demand Forecast Day Ahead,SYS_FCST_DA_MW,2.3,177.98,DAM,15
2026-04-06T18:00:00-00:00,2026-04-06T19:00:00-00:00,1,2026-04-06,12,0,DAM,MWD-TAC,Demand Forecast Day Ahead,SYS_FCST_DA_MW,2.3,178.84,DAM,15
2026-04-06T15:00:00-00:00,2026-04-06T16:00:00-00:00,1,2026-04-06,9,0,DAM,NEVP,Demand Forecast Day Ahead,SYS_FCST_DA_MW,2.8,3743.99,DAM,16
2026-04-07T04:00:00-00:00,2026-04-07T05:00:00-00:00,1,2026-04-06,22,0,DAM,NEVP,Demand Forecast Day Ahead,SYS_FCST_DA_MW,2.8,4377.18,DAM,16
2026-04-06T19:00:00-00:00,2026-04-06T20:00:00-00:00,1,2026-04-06,13,0,DAM,NEVP,Demand Forecast Day Ahead,SYS_FCST_DA_MW,2.8,3890.78,DAM,16
2026-04-06T14:00:00-00:00,2026-04-06T15:00:00-00:00,1,2026-04-06,8,0,DAM,NEVP,Demand Forecast Day Ahead,SYS_FCST_DA_MW,2.8,3690,DAM,16
2026-04-06T13:00:00-00:00,2026-04-06T14:00:00-00:00,1,2026-04-06,7,0,DAM,NEVP,Demand Forecast Day Ahead,SYS_FCST_DA_MW,2.8,3658.73,DAM,16
2026-04-07T00:00:00-00:00,2026-04-07T01:00:00-00:00,1,2026-04-06,18,0,DAM,NEVP,Demand Forecast Day Ahead,SYS_FCST_DA_MW,2.8,4746.67,DAM,16
2026-04-06T08:00:00-00:00,2026-04-06T09:00:00-00:00,1,2026-04-06,2,0,DAM,NEVP,Demand Forecast Day Ahead,SYS_FCST_DA_MW,2.8,3463.9,DAM,16
2026-04-07T02:00:00-00:00,2026-04-07T03:00:00-00:00,1,2026-04-06,20,0,DAM,NEVP,Demand Forecast Day Ahead,SYS_FCST_DA_MW,2.8,4738.88,DAM,16
2026-04-06T22:00:00-00:00,2026-04-06T23:00:00-00:00,1,2026-04-06,16,0,DAM,NEVP,Demand Forecast Day Ahead,SYS_FCST_DA_MW,2.8,4368.46,DAM,16
2026-04-06T20:00:00-00:00,2026-04-06T21:00:00-00:00,1,2026-04-06,14,0,DAM,NEVP,Demand Forecast Day Ahead,SYS_FCST_DA_MW,2.8,4044.07,DAM,16
2026-04-06T18:00:00-00:00,2026-04-06T19:00:00-00:00,1,2026-04-06,12,0,DAM,NEVP,Demand Forecast Day Ahead,SYS_FCST_DA_MW,2.8,3782.21,DAM,16
2026-04-06T12:00:00-00:00,2026-04-06T13:00:00-00:00,1,2026-04-06,6,0,DAM,NEVP,Demand Forecast Day Ahead,SYS_FCST_DA_MW,2.8,3528.6,DAM,16
2026-04-06T11:00:00-00:00,2026-04-06T12:00:00-00:00,1,2026-04-06,5,0,DAM,NEVP,Demand Forecast Day Ahead,SYS_FCST_DA_MW,2.8,3395.33,DAM,16
2026-04-06T10:00:00-00:00,2026-04-06T11:00:00-00:00,1,2026-04-06,4,0,DAM,NEVP,Demand Forecast Day Ahead,SYS_FCST_DA_MW,2.8,3357.58,DAM,16
2026-04-06T07:00:00-00:00,2026-04-06T08:00:00-00:00,1,2026-04-06,1,0,DAM,NEVP,Demand Forecast Day Ahead,SYS_FCST_DA_MW,2.8,3584.53,DAM,16
2026-04-07T05:00:00-00:00,2026-04-07T06:00:00-00:00,1,2026-04-06,23,0,DAM,NEVP,Demand Forecast Day Ahead,SYS_FCST_DA_MW,2.8,4126.36,DAM,16
2026-04-07T01:00:00-00:00,2026-04-07T02:00:00-00:00,1,2026-04-06,19,0,DAM,NEVP,Demand Forecast Day Ahead,SYS_FCST_DA_MW,2.8,4733.45,DAM,16
2026-04-06T17:00:00-00:00,2026-04-06T18:00:00-00:00,1,2026-04-06,11,0,DAM,NEVP,Demand Forecast Day Ahead,SYS_FCST_DA_MW,2.8,3765.1,DAM,16
2026-04-06T16:00:00-00:00,2026-04-06T17:00:00-00:00,1,2026-04-06,10,0,DAM,NEVP,Demand Forecast Day Ahead,SYS_FCST_DA_MW,2.8,3756.81,DAM,16
2026-04-07T06:00:00-00:00,2026-04-07T07:00:00-00:00,1,2026-04-06,24,0,DAM,NEVP,Demand Forecast Day Ahead,SYS_FCST_DA_MW,2.8,3851.44,DAM,16
2026-04-06T23:00:00-00:00,2026-04-07T00:00:00-00:00,1,2026-04-06,17,0,DAM,NEVP,Demand Forecast Day Ahead,SYS_FCST_DA_MW,2.8,4597.75,DAM,16
2026-04-06T21:00:00-00:00,2026-04-06T22:00:00-00:00,1,2026-04-06,15,0,DAM,NEVP,Demand Forecast Day Ahead,SYS_FCST_DA_MW,2.8,4178.8,DAM,16
2026-04-06T09:00:00-00:00,2026-04-06T10:00:00-00:00,1,2026-04-06,3,0,DAM,NEVP,Demand Forecast Day Ahead,SYS_FCST_DA_MW,2.8,3385.22,DAM,16
2026-04-07T03:00:00-00:00,2026-04-07T04:00:00-00:00,1,2026-04-06,21,0,DAM,NEVP,Demand Forecast Day Ahead,SYS_FCST_DA_MW,2.8,4606.7,DAM,16
2026-04-07T01:00:00-00:00,2026-04-07T02:00:00-00:00,1,2026-04-06,19,0,DAM,NWMT,Demand Forecast Day Ahead,SYS_FCST_DA_MW,2.8,1267.59,DAM,17
2026-04-06T20:00:00-00:00,2026-04-06T21:00:00-00:00,1,2026-04-06,14,0,DAM,NWMT,Demand Forecast Day Ahead,SYS_FCST_DA_MW,2.8,1223.59,DAM,17
2026-04-06T17:00:00-00:00,2026-04-06T18:00:00-00:00,1,2026-04-06,11,0,DAM,NWMT,Demand Forecast Day Ahead,SYS_FCST_DA_MW,2.8,1275,DAM,17
2026-04-06T11:00:00-00:00,2026-04-06T12:00:00-00:00,1,2026-04-06,5,0,DAM,NWMT,Demand Forecast Day Ahead,SYS_FCST_DA_MW,2.8,1160.23,DAM,17
2026-04-07T06:00:00-00:00,2026-04-07T07:00:00-00:00,1,2026-04-06,24,0,DAM,NWMT,Demand Forecast Day Ahead,SYS_FCST_DA_MW,2.8,1086.07,DAM,17
2026-04-06T21:00:00-00:00,2026-04-06T22:00:00-00:00,1,2026-04-06,15,0,DAM,NWMT,Demand Forecast Day Ahead,SYS_FCST_DA_MW,2.8,1216.81,DAM,17
2026-04-06T22:00:00-00:00,2026-04-06T23:00:00-00:00,1,2026-04-06,16,0,DAM,NWMT,Demand Forecast Day Ahead,SYS_FCST_DA_MW,2.8,1230.47,DAM,17
2026-04-06T15:00:00-00:00,2026-04-06T16:00:00-00:00,1,2026-04-06,9,0,DAM,NWMT,Demand Forecast Day Ahead,SYS_FCST_DA_MW,2.8,1325.77,DAM,17
2026-04-06T13:00:00-00:00,2026-04-06T14:00:00-00:00,1,2026-04-06,7,0,DAM,NWMT,Demand Forecast Day Ahead,SYS_FCST_DA_MW,2.8,1344.8,DAM,17
2026-04-06T18:00:00-00:00,2026-04-06T19:00:00-00:00,1,2026-04-06,12,0,DAM,NWMT,Demand Forecast Day Ahead,SYS_FCST_DA_MW,2.8,1252.85,DAM,17
2026-04-07T03:00:00-00:00,2026-04-07T04:00:00-00:00,1,2026-04-06,21,0,DAM,NWMT,Demand Forecast Day Ahead,SYS_FCST_DA_MW,2.8,1251.76,DAM,17
2026-04-06T10:00:00-00:00,2026-04-06T11:00:00-00:00,1,2026-04-06,4,0,DAM,NWMT,Demand Forecast Day Ahead,SYS_FCST_DA_MW,2.8,1096.91,DAM,17
2026-04-06T09:00:00-00:00,2026-04-06T10:00:00-00:00,1,2026-04-06,3,0,DAM,NWMT,Demand Forecast Day Ahead,SYS_FCST_DA_MW,2.8,1075.88,DAM,17
2026-04-06T08:00:00-00:00,2026-04-06T09:00:00-00:00,1,2026-04-06,2,0,DAM,NWMT,Demand Forecast Day Ahead,SYS_FCST_DA_MW,2.8,1071.22,DAM,17
2026-04-07T05:00:00-00:00,2026-04-07T06:00:00-00:00,1,2026-04-06,23,0,DAM,NWMT,Demand Forecast Day Ahead,SYS_FCST_DA_MW,2.8,1116.54,DAM,17
2026-04-07T02:00:00-00:00,2026-04-07T03:00:00-00:00,1,2026-04-06,20,0,DAM,NWMT,Demand Forecast Day Ahead,SYS_FCST_DA_MW,2.8,1290.12,DAM,17
2026-04-06T23:00:00-00:00,2026-04-07T00:00:00-00:00,1,2026-04-06,17,0,DAM,NWMT,Demand Forecast Day Ahead,SYS_FCST_DA_MW,2.8,1245.32,DAM,17
2026-04-06T14:00:00-00:00,2026-04-06T15:00:00-00:00,1,2026-04-06,8,0,DAM,NWMT,Demand Forecast Day Ahead,SYS_FCST_DA_MW,2.8,1345.47,DAM,17
2026-04-07T04:00:00-00:00,2026-04-07T05:00:00-00:00,1,2026-04-06,22,0,DAM,NWMT,Demand Forecast Day Ahead,SYS_FCST_DA_MW,2.8,1177.55,DAM,17
2026-04-06T19:00:00-00:00,2026-04-06T20:00:00-00:00,1,2026-04-06,13,0,DAM,NWMT,Demand Forecast Day Ahead,SYS_FCST_DA_MW,2.8,1237.82,DAM,17
2026-04-06T12:00:00-00:00,2026-04-06T13:00:00-00:00,1,2026-04-06,6,0,DAM,NWMT,Demand Forecast Day Ahead,SYS_FCST_DA_MW,2.8,1268.88,DAM,17
2026-04-07T00:00:00-00:00,2026-04-07T01:00:00-00:00,1,2026-04-06,18,0,DAM,NWMT,Demand Forecast Day Ahead,SYS_FCST_DA_MW,2.8,1256.16,DAM,17
2026-04-06T07:00:00-00:00,2026-04-06T08:00:00-00:00,1,2026-04-06,1,0,DAM,NWMT,Demand Forecast Day Ahead,SYS_FCST_DA_MW,2.8,1075.94,DAM,17
2026-04-06T16:00:00-00:00,2026-04-06T17:00:00-00:00,1,2026-04-06,10,0,DAM,NWMT,Demand Forecast Day Ahead,SYS_FCST_DA_MW,2.8,1297.32,DAM,17
2026-04-06T18:00:00-00:00,2026-04-06T19:00:00-00:00,1,2026-04-06,12,0,DAM,PACE,Demand Forecast Day Ahead,SYS_FCST_DA_MW,2.8,5398.36,DAM,18
2026-04-07T02:00:00-00:00,2026-04-07T03:00:00-00:00,1,2026-04-06,20,0,DAM,PACE,Demand Forecast Day Ahead,SYS_FCST_DA_MW,2.8,5746.94,DAM,18
2026-04-06T13:00:00-00:00,2026-04-06T14:00:00-00:00,1,2026-04-06,7,0,DAM,PACE,Demand Forecast Day Ahead,SYS_FCST_DA_MW,2.8,5588.29,DAM,18
2026-04-06T09:00:00-00:00,2026-04-06T10:00:00-00:00,1,2026-04-06,3,0,DAM,PACE,Demand Forecast Day Ahead,SYS_FCST_DA_MW,2.8,4661.86,DAM,18
2026-04-07T01:00:00-00:00,2026-04-07T02:00:00-00:00,1,2026-04-06,19,0,DAM,PACE,Demand Forecast Day Ahead,SYS_FCST_DA_MW,2.8,5669.74,DAM,18
2026-04-07T06:00:00-00:00,2026-04-07T07:00:00-00:00,1,2026-04-06,24,0,DAM,PACE,Demand Forecast Day Ahead,SYS_FCST_DA_MW,2.8,4874.51,DAM,18
2026-04-07T04:00:00-00:00,2026-04-07T05:00:00-00:00,1,2026-04-06,22,0,DAM,PACE,Demand Forecast Day Ahead,SYS_FCST_DA_MW,2.8,5348.98,DAM,18
2026-04-06T16:00:00-00:00,2026-04-06T17:00:00-00:00,1,2026-04-06,10,0,DAM,PACE,Demand Forecast Day Ahead,SYS_FCST_DA_MW,2.8,5488.55,DAM,18
2026-04-07T00:00:00-00:00,2026-04-07T01:00:00-00:00,1,2026-04-06,18,0,DAM,PACE,Demand Forecast Day Ahead,SYS_FCST_DA_MW,2.8,5626.92,DAM,18
2026-04-06T21:00:00-00:00,2026-04-06T22:00:00-00:00,1,2026-04-06,15,0,DAM,PACE,Demand Forecast Day Ahead,SYS_FCST_DA_MW,2.8,5453.66,DAM,18
2026-04-06T19:00:00-00:00,2026-04-06T20:00:00-00:00,1,2026-04-06,13,0,DAM,PACE,Demand Forecast Day Ahead,SYS_FCST_DA_MW,2.8,5396.32,DAM,18
2026-04-06T10:00:00-00:00,2026-04-06T11:00:00-00:00,1,2026-04-06,4,0,DAM,PACE,Demand Forecast Day Ahead,SYS_FCST_DA_MW,2.8,4757.14,DAM,18
2026-04-06T12:00:00-00:00,2026-04-06T13:00:00-00:00,1,2026-04-06,6,0,DAM,PACE,Demand Forecast Day Ahead,SYS_FCST_DA_MW,2.8,5337.54,DAM,18
2026-04-06T08:00:00-00:00,2026-04-06T09:00:00-00:00,1,2026-04-06,2,0,DAM,PACE,Demand Forecast Day Ahead,SYS_FCST_DA_MW,2.8,4648.27,DAM,18
2026-04-06T20:00:00-00:00,2026-04-06T21:00:00-00:00,1,2026-04-06,14,0,DAM,PACE,Demand Forecast Day Ahead,SYS_FCST_DA_MW,2.8,5411.55,DAM,18
2026-04-07T03:00:00-00:00,2026-04-07T04:00:00-00:00,1,2026-04-06,21,0,DAM,PACE,Demand Forecast Day Ahead,SYS_FCST_DA_MW,2.8,5622.97,DAM,18
2026-04-06T15:00:00-00:00,2026-04-06T16:00:00-00:00,1,2026-04-06,9,0,DAM,PACE,Demand Forecast Day Ahead,SYS_FCST_DA_MW,2.8,5583.64,DAM,18
2026-04-06T07:00:00-00:00,2026-04-06T08:00:00-00:00,1,2026-04-06,1,0,DAM,PACE,Demand Forecast Day Ahead,SYS_FCST_DA_MW,2.8,4679.08,DAM,18
2026-04-06T22:00:00-00:00,2026-04-06T23:00:00-00:00,1,2026-04-06,16,0,DAM,PACE,Demand Forecast Day Ahead,SYS_FCST_DA_MW,2.8,5524.96,DAM,18
2026-04-06T14:00:00-00:00,2026-04-06T15:00:00-00:00,1,2026-04-06,8,0,DAM,PACE,Demand Forecast Day Ahead,SYS_FCST_DA_MW,2.8,5640.64,DAM,18
2026-04-06T11:00:00-00:00,2026-04-06T12:00:00-00:00,1,2026-04-06,5,0,DAM,PACE,Demand Forecast Day Ahead,SYS_FCST_DA_MW,2.8,4986.9,DAM,18
2026-04-07T05:00:00-00:00,2026-04-07T06:00:00-00:00,1,2026-04-06,23,0,DAM,PACE,Demand Forecast Day Ahead,SYS_FCST_DA_MW,2.8,5074.04,DAM,18
2026-04-06T23:00:00-00:00,2026-04-07T00:00:00-00:00,1,2026-04-06,17,0,DAM,PACE,Demand Forecast Day Ahead,SYS_FCST_DA_MW,2.8,5590.29,DAM,18
2026-04-06T17:00:00-00:00,2026-04-06T18:00:00-00:00,1,2026-04-06,11,0,DAM,PACE,Demand Forecast Day Ahead,SYS_FCST_DA_MW,2.8,5429.15,DAM,18
2026-04-06T07:00:00-00:00,2026-04-06T08:00:00-00:00,1,2026-04-06,1,0,DAM,PACW,Demand Forecast Day Ahead,SYS_FCST_DA_MW,2.8,1664,DAM,19
2026-04-07T05:00:00-00:00,2026-04-07T06:00:00-00:00,1,2026-04-06,23,0,DAM,PACW,Demand Forecast Day Ahead,SYS_FCST_DA_MW,2.8,2050,DAM,19
2026-04-07T03:00:00-00:00,2026-04-07T04:00:00-00:00,1,2026-04-06,21,0,DAM,PACW,Demand Forecast Day Ahead,SYS_FCST_DA_MW,2.8,2322,DAM,19
2026-04-07T02:00:00-00:00,2026-04-07T03:00:00-00:00,1,2026-04-06,20,0,DAM,PACW,Demand Forecast Day Ahead,SYS_FCST_DA_MW,2.8,2339,DAM,19
2026-04-06T08:00:00-00:00,2026-04-06T09:00:00-00:00,1,2026-04-06,2,0,DAM,PACW,Demand Forecast Day Ahead,SYS_FCST_DA_MW,2.8,1631,DAM,19
2026-04-07T06:00:00-00:00,2026-04-07T07:00:00-00:00,1,2026-04-06,24,0,DAM,PACW,Demand Forecast Day Ahead,SYS_FCST_DA_MW,2.8,1910,DAM,19
2026-04-07T04:00:00-00:00,2026-04-07T05:00:00-00:00,1,2026-04-06,22,0,DAM,PACW,Demand Forecast Day Ahead,SYS_FCST_DA_MW,2.8,2210,DAM,19
2026-04-06T23:00:00-00:00,2026-04-07T00:00:00-00:00,1,2026-04-06,17,0,DAM,PACW,Demand Forecast Day Ahead,SYS_FCST_DA_MW,2.8,2245,DAM,19
2026-04-06T18:00:00-00:00,2026-04-06T19:00:00-00:00,1,2026-04-06,12,0,DAM,PACW,Demand Forecast Day Ahead,SYS_FCST_DA_MW,2.8,2143,DAM,19
2026-04-06T16:00:00-00:00,2026-04-06T17:00:00-00:00,1,2026-04-06,10,0,DAM,PACW,Demand Forecast Day Ahead,SYS_FCST_DA_MW,2.8,2280,DAM,19
2026-04-06T10:00:00-00:00,2026-04-06T11:00:00-00:00,1,2026-04-06,4,0,DAM,PACW,Demand Forecast Day Ahead,SYS_FCST_DA_MW,2.8,1649,DAM,19
2026-04-06T09:00:00-00:00,2026-04-06T10:00:00-00:00,1,2026-04-06,3,0,DAM,PACW,Demand Forecast Day Ahead,SYS_FCST_DA_MW,2.8,1625,DAM,19
2026-04-07T01:00:00-00:00,2026-04-07T02:00:00-00:00,1,2026-04-06,19,0,DAM,PACW,Demand Forecast Day Ahead,SYS_FCST_DA_MW,2.8,2323,DAM,19
2026-04-06T17:00:00-00:00,2026-04-06T18:00:00-00:00,1,2026-04-06,11,0,DAM,PACW,Demand Forecast Day Ahead,SYS_FCST_DA_MW,2.8,2200,DAM,19
2026-04-06T15:00:00-00:00,2026-04-06T16:00:00-00:00,1,2026-04-06,9,0,DAM,PACW,Demand Forecast Day Ahead,SYS_FCST_DA_MW,2.8,2356,DAM,19
2026-04-06T13:00:00-00:00,2026-04-06T14:00:00-00:00,1,2026-04-06,7,0,DAM,PACW,Demand Forecast Day Ahead,SYS_FCST_DA_MW,2.8,2224,DAM,19
2026-04-06T12:00:00-00:00,2026-04-06T13:00:00-00:00,1,2026-04-06,6,0,DAM,PACW,Demand Forecast Day Ahead,SYS_FCST_DA_MW,2.8,1941,DAM,19
2026-04-06T11:00:00-00:00,2026-04-06T12:00:00-00:00,1,2026-04-06,5,0,DAM,PACW,Demand Forecast Day Ahead,SYS_FCST_DA_MW,2.8,1736,DAM,19
2026-04-06T19:00:00-00:00,2026-04-06T20:00:00-00:00,1,2026-04-06,13,0,DAM,PACW,Demand Forecast Day Ahead,SYS_FCST_DA_MW,2.8,2117,DAM,19
2026-04-06T14:00:00-00:00,2026-04-06T15:00:00-00:00,1,2026-04-06,8,0,DAM,PACW,Demand Forecast Day Ahead,SYS_FCST_DA_MW,2.8,2379,DAM,19
2026-04-07T00:00:00-00:00,2026-04-07T01:00:00-00:00,1,2026-04-06,18,0,DAM,PACW,Demand Forecast Day Ahead,SYS_FCST_DA_MW,2.8,2294,DAM,19
2026-04-06T22:00:00-00:00,2026-04-06T23:00:00-00:00,1,2026-04-06,16,0,DAM,PACW,Demand Forecast Day Ahead,SYS_FCST_DA_MW,2.8,2169,DAM,19
2026-04-06T21:00:00-00:00,2026-04-06T22:00:00-00:00,1,2026-04-06,15,0,DAM,PACW,Demand Forecast Day Ahead,SYS_FCST_DA_MW,2.8,2133,DAM,19
2026-04-06T20:00:00-00:00,2026-04-06T21:00:00-00:00,1,2026-04-06,14,0,DAM,PACW,Demand Forecast Day Ahead,SYS_FCST_DA_MW,2.8,2118,DAM,19
2026-04-06T20:00:00-00:00,2026-04-06T21:00:00-00:00,1,2026-04-06,14,0,DAM,PGE,Demand Forecast Day Ahead,SYS_FCST_DA_MW,2.8,2642.21,DAM,20
2026-04-06T07:00:00-00:00,2026-04-06T08:00:00-00:00,1,2026-04-06,1,0,DAM,PGE,Demand Forecast Day Ahead,SYS_FCST_DA_MW,2.8,2174.53,DAM,20
2026-04-06T18:00:00-00:00,2026-04-06T19:00:00-00:00,1,2026-04-06,12,0,DAM,PGE,Demand Forecast Day Ahead,SYS_FCST_DA_MW,2.8,2611.44,DAM,20
2026-04-06T16:00:00-00:00,2026-04-06T17:00:00-00:00,1,2026-04-06,10,0,DAM,PGE,Demand Forecast Day Ahead,SYS_FCST_DA_MW,2.8,2641.71,DAM,20
2026-04-06T12:00:00-00:00,2026-04-06T13:00:00-00:00,1,2026-04-06,6,0,DAM,PGE,Demand Forecast Day Ahead,SYS_FCST_DA_MW,2.8,2312.91,DAM,20
2026-04-06T13:00:00-00:00,2026-04-06T14:00:00-00:00,1,2026-04-06,7,0,DAM,PGE,Demand Forecast Day Ahead,SYS_FCST_DA_MW,2.8,2550.47,DAM,20
2026-04-07T04:00:00-00:00,2026-04-07T05:00:00-00:00,1,2026-04-06,22,0,DAM,PGE,Demand Forecast Day Ahead,SYS_FCST_DA_MW,2.8,2741.57,DAM,20
2026-04-07T06:00:00-00:00,2026-04-07T07:00:00-00:00,1,2026-04-06,24,0,DAM,PGE,Demand Forecast Day Ahead,SYS_FCST_DA_MW,2.8,2380.45,DAM,20
2026-04-07T05:00:00-00:00,2026-04-07T06:00:00-00:00,1,2026-04-06,23,0,DAM,PGE,Demand Forecast Day Ahead,SYS_FCST_DA_MW,2.8,2559.69,DAM,20
2026-04-06T22:00:00-00:00,2026-04-06T23:00:00-00:00,1,2026-04-06,16,0,DAM,PGE,Demand Forecast Day Ahead,SYS_FCST_DA_MW,2.8,2724.06,DAM,20
2026-04-07T01:00:00-00:00,2026-04-07T02:00:00-00:00,1,2026-04-06,19,0,DAM,PGE,Demand Forecast Day Ahead,SYS_FCST_DA_MW,2.8,2880.02,DAM,20
2026-04-06T14:00:00-00:00,2026-04-06T15:00:00-00:00,1,2026-04-06,8,0,DAM,PGE,Demand Forecast Day Ahead,SYS_FCST_DA_MW,2.8,2691.44,DAM,20
2026-04-06T11:00:00-00:00,2026-04-06T12:00:00-00:00,1,2026-04-06,5,0,DAM,PGE,Demand Forecast Day Ahead,SYS_FCST_DA_MW,2.8,2149.76,DAM,20
2026-04-06T19:00:00-00:00,2026-04-06T20:00:00-00:00,1,2026-04-06,13,0,DAM,PGE,Demand Forecast Day Ahead,SYS_FCST_DA_MW,2.8,2641.79,DAM,20
2026-04-06T23:00:00-00:00,2026-04-07T00:00:00-00:00,1,2026-04-06,17,0,DAM,PGE,Demand Forecast Day Ahead,SYS_FCST_DA_MW,2.8,2809.74,DAM,20
2026-04-06T08:00:00-00:00,2026-04-06T09:00:00-00:00,1,2026-04-06,2,0,DAM,PGE,Demand Forecast Day Ahead,SYS_FCST_DA_MW,2.8,2104.81,DAM,20
2026-04-06T09:00:00-00:00,2026-04-06T10:00:00-00:00,1,2026-04-06,3,0,DAM,PGE,Demand Forecast Day Ahead,SYS_FCST_DA_MW,2.8,2072.35,DAM,20
2026-04-06T15:00:00-00:00,2026-04-06T16:00:00-00:00,1,2026-04-06,9,0,DAM,PGE,Demand Forecast Day Ahead,SYS_FCST_DA_MW,2.8,2679.81,DAM,20
2026-04-07T02:00:00-00:00,2026-04-07T03:00:00-00:00,1,2026-04-06,20,0,DAM,PGE,Demand Forecast Day Ahead,SYS_FCST_DA_MW,2.8,2867.36,DAM,20
2026-04-06T21:00:00-00:00,2026-04-06T22:00:00-00:00,1,2026-04-06,15,0,DAM,PGE,Demand Forecast Day Ahead,SYS_FCST_DA_MW,2.8,2666.63,DAM,20
2026-04-06T17:00:00-00:00,2026-04-06T18:00:00-00:00,1,2026-04-06,11,0,DAM,PGE,Demand Forecast Day Ahead,SYS_FCST_DA_MW,2.8,2619.91,DAM,20
2026-04-06T10:00:00-00:00,2026-04-06T11:00:00-00:00,1,2026-04-06,4,0,DAM,PGE,Demand Forecast Day Ahead,SYS_FCST_DA_MW,2.8,2078.04,DAM,20
2026-04-07T03:00:00-00:00,2026-04-07T04:00:00-00:00,1,2026-04-06,21,0,DAM,PGE,Demand Forecast Day Ahead,SYS_FCST_DA_MW,2.8,2837.61,DAM,20
2026-04-07T00:00:00-00:00,2026-04-07T01:00:00-00:00,1,2026-04-06,18,0,DAM,PGE,Demand Forecast Day Ahead,SYS_FCST_DA_MW,2.8,2878.4,DAM,20
2026-04-06T18:00:00-00:00,2026-04-06T19:00:00-00:00,1,2026-04-06,12,0,DAM,PGE-TAC,Demand Forecast Day Ahead,SYS_FCST_DA_MW,2.1,7645.84,DAM,21
2026-04-06T17:00:00-00:00,2026-04-06T18:00:00-00:00,1,2026-04-06,11,0,DAM,PGE-TAC,Demand Forecast Day Ahead,SYS_FCST_DA_MW,2.1,8501.43,DAM,21
2026-04-06T14:00:00-00:00,2026-04-06T15:00:00-00:00,1,2026-04-06,8,0,DAM,PGE-TAC,Demand Forecast Day Ahead,SYS_FCST_DA_MW,2.1,11107.53,DAM,21
2026-04-06T09:00:00-00:00,2026-04-06T10:00:00-00:00,1,2026-04-06,3,0,DAM,PGE-TAC,Demand Forecast Day Ahead,SYS_FCST_DA_MW,2.1,9264.12,DAM,21
2026-04-07T04:00:00-00:00,2026-04-07T05:00:00-00:00,1,2026-04-06,22,0,DAM,PGE-TAC,Demand Forecast Day Ahead,SYS_FCST_DA_MW,2.1,11706.52,DAM,21
2026-04-06T10:00:00-00:00,2026-04-06T11:00:00-00:00,1,2026-04-06,4,0,DAM,PGE-TAC,Demand Forecast Day Ahead,SYS_FCST_DA_MW,2.1,9128.84,DAM,21
2026-04-06T08:00:00-00:00,2026-04-06T09:00:00-00:00,1,2026-04-06,2,0,DAM,PGE-TAC,Demand Forecast Day Ahead,SYS_FCST_DA_MW,2.1,9584.75,DAM,21
2026-04-07T05:00:00-00:00,2026-04-07T06:00:00-00:00,1,2026-04-06,23,0,DAM,PGE-TAC,Demand Forecast Day Ahead,SYS_FCST_DA_MW,2.1,10988.86,DAM,21
2026-04-07T01:00:00-00:00,2026-04-07T02:00:00-00:00,1,2026-04-06,19,0,DAM,PGE-TAC,Demand Forecast Day Ahead,SYS_FCST_DA_MW,2.1,11584.95,DAM,21
2026-04-06T19:00:00-00:00,2026-04-06T20:00:00-00:00,1,2026-04-06,13,0,DAM,PGE-TAC,Demand Forecast Day Ahead,SYS_FCST_DA_MW,2.1,7132.5,DAM,21
2026-04-06T16:00:00-00:00,2026-04-06T17:00:00-00:00,1,2026-04-06,10,0,DAM,PGE-TAC,Demand Forecast Day Ahead,SYS_FCST_DA_MW,2.1,9506.65,DAM,21
2026-04-07T03:00:00-00:00,2026-04-07T04:00:00-00:00,1,2026-04-06,21,0,DAM,PGE-TAC,Demand Forecast Day Ahead,SYS_FCST_DA_MW,2.1,12121.52,DAM,21
2026-04-07T02:00:00-00:00,2026-04-07T03:00:00-00:00,1,2026-04-06,20,0,DAM,PGE-TAC,Demand Forecast Day Ahead,SYS_FCST_DA_MW,2.1,12144.44,DAM,21
2026-04-06T23:00:00-00:00,2026-04-07T00:00:00-00:00,1,2026-04-06,17,0,DAM,PGE-TAC,Demand Forecast Day Ahead,SYS_FCST_DA_MW,2.1,8821.32,DAM,21
2026-04-06T22:00:00-00:00,2026-04-06T23:00:00-00:00,1,2026-04-06,16,0,DAM,PGE-TAC,Demand Forecast Day Ahead,SYS_FCST_DA_MW,2.1,7808.13,DAM,21
2026-04-06T15:00:00-00:00,2026-04-06T16:00:00-00:00,1,2026-04-06,9,0,DAM,PGE-TAC,Demand Forecast Day Ahead,SYS_FCST_DA_MW,2.1,10587.22,DAM,21
2026-04-06T13:00:00-00:00,2026-04-06T14:00:00-00:00,1,2026-04-06,7,0,DAM,PGE-TAC,Demand Forecast Day Ahead,SYS_FCST_DA_MW,2.1,10576.83,DAM,21
2026-04-06T12:00:00-00:00,2026-04-06T13:00:00-00:00,1,2026-04-06,6,0,DAM,PGE-TAC,Demand Forecast Day Ahead,SYS_FCST_DA_MW,2.1,9775.43,DAM,21
2026-04-06T07:00:00-00:00,2026-04-06T08:00:00-00:00,1,2026-04-06,1,0,DAM,PGE-TAC,Demand Forecast Day Ahead,SYS_FCST_DA_MW,2.1,9941.87,DAM,21
2026-04-07T06:00:00-00:00,2026-04-07T07:00:00-00:00,1,2026-04-06,24,0,DAM,PGE-TAC,Demand Forecast Day Ahead,SYS_FCST_DA_MW,2.1,10297.53,DAM,21
2026-04-07T00:00:00-00:00,2026-04-07T01:00:00-00:00,1,2026-04-06,18,0,DAM,PGE-TAC,Demand Forecast Day Ahead,SYS_FCST_DA_MW,2.1,10262.88,DAM,21
2026-04-06T21:00:00-00:00,2026-04-06T22:00:00-00:00,1,2026-04-06,15,0,DAM,PGE-TAC,Demand Forecast Day Ahead,SYS_FCST_DA_MW,2.1,7231.22,DAM,21
2026-04-06T11:00:00-00:00,2026-04-06T12:00:00-00:00,1,2026-04-06,5,0,DAM,PGE-TAC,Demand Forecast Day Ahead,SYS_FCST_DA_MW,2.1,9273,DAM,21
2026-04-06T20:00:00-00:00,2026-04-06T21:00:00-00:00,1,2026-04-06,14,0,DAM,PGE-TAC,Demand Forecast Day Ahead,SYS_FCST_DA_MW,2.1,6969.79,DAM,21
2026-04-06T10:00:00-00:00,2026-04-06T11:00:00-00:00,1,2026-04-06,4,0,DAM,PNM,Demand Forecast Day Ahead,SYS_FCST_DA_MW,2.8,1329.8,DAM,22
2026-04-06T16:00:00-00:00,2026-04-06T17:00:00-00:00,1,2026-04-06,10,0,DAM,PNM,Demand Forecast Day Ahead,SYS_FCST_DA_MW,2.8,1230.16,DAM,22
2026-04-06T20:00:00-00:00,2026-04-06T21:00:00-00:00,1,2026-04-06,14,0,DAM,PNM,Demand Forecast Day Ahead,SYS_FCST_DA_MW,2.8,1190.12,DAM,22
2026-04-06T23:00:00-00:00,2026-04-07T00:00:00-00:00,1,2026-04-06,17,0,DAM,PNM,Demand Forecast Day Ahead,SYS_FCST_DA_MW,2.8,1368.51,DAM,22
2026-04-06T17:00:00-00:00,2026-04-06T18:00:00-00:00,1,2026-04-06,11,0,DAM,PNM,Demand Forecast Day Ahead,SYS_FCST_DA_MW,2.8,1183.42,DAM,22
2026-04-06T18:00:00-00:00,2026-04-06T19:00:00-00:00,1,2026-04-06,12,0,DAM,PNM,Demand Forecast Day Ahead,SYS_FCST_DA_MW,2.8,1164.77,DAM,22
2026-04-06T22:00:00-00:00,2026-04-06T23:00:00-00:00,1,2026-04-06,16,0,DAM,PNM,Demand Forecast Day Ahead,SYS_FCST_DA_MW,2.8,1299.35,DAM,22
2026-04-06T11:00:00-00:00,2026-04-06T12:00:00-00:00,1,2026-04-06,5,0,DAM,PNM,Demand Forecast Day Ahead,SYS_FCST_DA_MW,2.8,1399.71,DAM,22
2026-04-06T15:00:00-00:00,2026-04-06T16:00:00-00:00,1,2026-04-06,9,0,DAM,PNM,Demand Forecast Day Ahead,SYS_FCST_DA_MW,2.8,1295.24,DAM,22
2026-04-06T19:00:00-00:00,2026-04-06T20:00:00-00:00,1,2026-04-06,13,0,DAM,PNM,Demand Forecast Day Ahead,SYS_FCST_DA_MW,2.8,1169.24,DAM,22
2026-04-07T00:00:00-00:00,2026-04-07T01:00:00-00:00,1,2026-04-06,18,0,DAM,PNM,Demand Forecast Day Ahead,SYS_FCST_DA_MW,2.8,1444.79,DAM,22
2026-04-07T05:00:00-00:00,2026-04-07T06:00:00-00:00,1,2026-04-06,23,0,DAM,PNM,Demand Forecast Day Ahead,SYS_FCST_DA_MW,2.8,1391.37,DAM,22
2026-04-06T08:00:00-00:00,2026-04-06T09:00:00-00:00,1,2026-04-06,2,0,DAM,PNM,Demand Forecast Day Ahead,SYS_FCST_DA_MW,2.8,1293.72,DAM,22
2026-04-06T21:00:00-00:00,2026-04-06T22:00:00-00:00,1,2026-04-06,15,0,DAM,PNM,Demand Forecast Day Ahead,SYS_FCST_DA_MW,2.8,1232.49,DAM,22
2026-04-07T01:00:00-00:00,2026-04-07T02:00:00-00:00,1,2026-04-06,19,0,DAM,PNM,Demand Forecast Day Ahead,SYS_FCST_DA_MW,2.8,1521.71,DAM,22
2026-04-07T03:00:00-00:00,2026-04-07T04:00:00-00:00,1,2026-04-06,21,0,DAM,PNM,Demand Forecast Day Ahead,SYS_FCST_DA_MW,2.8,1521.84,DAM,22
2026-04-07T04:00:00-00:00,2026-04-07T05:00:00-00:00,1,2026-04-06,22,0,DAM,PNM,Demand Forecast Day Ahead,SYS_FCST_DA_MW,2.8,1459.42,DAM,22
2026-04-06T07:00:00-00:00,2026-04-06T08:00:00-00:00,1,2026-04-06,1,0,DAM,PNM,Demand Forecast Day Ahead,SYS_FCST_DA_MW,2.8,1304.31,DAM,22
2026-04-06T09:00:00-00:00,2026-04-06T10:00:00-00:00,1,2026-04-06,3,0,DAM,PNM,Demand Forecast Day Ahead,SYS_FCST_DA_MW,2.8,1300.02,DAM,22
2026-04-06T12:00:00-00:00,2026-04-06T13:00:00-00:00,1,2026-04-06,6,0,DAM,PNM,Demand Forecast Day Ahead,SYS_FCST_DA_MW,2.8,1501.18,DAM,22
2026-04-06T14:00:00-00:00,2026-04-06T15:00:00-00:00,1,2026-04-06,8,0,DAM,PNM,Demand Forecast Day Ahead,SYS_FCST_DA_MW,2.8,1385.03,DAM,22
2026-04-07T02:00:00-00:00,2026-04-07T03:00:00-00:00,1,2026-04-06,20,0,DAM,PNM,Demand Forecast Day Ahead,SYS_FCST_DA_MW,2.8,1561.62,DAM,22
2026-04-07T06:00:00-00:00,2026-04-07T07:00:00-00:00,1,2026-04-06,24,0,DAM,PNM,Demand Forecast Day Ahead,SYS_FCST_DA_MW,2.8,1342.56,DAM,22
2026-04-06T13:00:00-00:00,2026-04-06T14:00:00-00:00,1,2026-04-06,7,0,DAM,PNM,Demand Forecast Day Ahead,SYS_FCST_DA_MW,2.8,1493.31,DAM,22
2026-04-06T17:00:00-00:00,2026-04-06T18:00:00-00:00,1,2026-04-06,11,0,DAM,PSEI,Demand Forecast Day Ahead,SYS_FCST_DA_MW,2.8,2815.48,DAM,23
2026-04-06T16:00:00-00:00,2026-04-06T17:00:00-00:00,1,2026-04-06,10,0,DAM,PSEI,Demand Forecast Day Ahead,SYS_FCST_DA_MW,2.8,2884.64,DAM,23
2026-04-06T21:00:00-00:00,2026-04-06T22:00:00-00:00,1,2026-04-06,15,0,DAM,PSEI,Demand Forecast Day Ahead,SYS_FCST_DA_MW,2.8,2710.71,DAM,23
2026-04-06T13:00:00-00:00,2026-04-06T14:00:00-00:00,1,2026-04-06,7,0,DAM,PSEI,Demand Forecast Day Ahead,SYS_FCST_DA_MW,2.8,2769.39,DAM,23
2026-04-06T23:00:00-00:00,2026-04-07T00:00:00-00:00,1,2026-04-06,17,0,DAM,PSEI,Demand Forecast Day Ahead,SYS_FCST_DA_MW,2.8,2788.37,DAM,23
2026-04-07T00:00:00-00:00,2026-04-07T01:00:00-00:00,1,2026-04-06,18,0,DAM,PSEI,Demand Forecast Day Ahead,SYS_FCST_DA_MW,2.8,2820.67,DAM,23
2026-04-07T02:00:00-00:00,2026-04-07T03:00:00-00:00,1,2026-04-06,20,0,DAM,PSEI,Demand Forecast Day Ahead,SYS_FCST_DA_MW,2.8,2791.18,DAM,23
2026-04-06T20:00:00-00:00,2026-04-06T21:00:00-00:00,1,2026-04-06,14,0,DAM,PSEI,Demand Forecast Day Ahead,SYS_FCST_DA_MW,2.8,2711.94,DAM,23
2026-04-07T03:00:00-00:00,2026-04-07T04:00:00-00:00,1,2026-04-06,21,0,DAM,PSEI,Demand Forecast Day Ahead,SYS_FCST_DA_MW,2.8,2808.08,DAM,23
2026-04-06T07:00:00-00:00,2026-04-06T08:00:00-00:00,1,2026-04-06,1,0,DAM,PSEI,Demand Forecast Day Ahead,SYS_FCST_DA_MW,2.8,2097.52,DAM,23
2026-04-06T12:00:00-00:00,2026-04-06T13:00:00-00:00,1,2026-04-06,6,0,DAM,PSEI,Demand Forecast Day Ahead,SYS_FCST_DA_MW,2.8,2417.75,DAM,23
2026-04-06T14:00:00-00:00,2026-04-06T15:00:00-00:00,1,2026-04-06,8,0,DAM,PSEI,Demand Forecast Day Ahead,SYS_FCST_DA_MW,2.8,2944.97,DAM,23
2026-04-06T15:00:00-00:00,2026-04-06T16:00:00-00:00,1,2026-04-06,9,0,DAM,PSEI,Demand Forecast Day Ahead,SYS_FCST_DA_MW,2.8,2961.45,DAM,23
2026-04-06T08:00:00-00:00,2026-04-06T09:00:00-00:00,1,2026-04-06,2,0,DAM,PSEI,Demand Forecast Day Ahead,SYS_FCST_DA_MW,2.8,2026.99,DAM,23
2026-04-06T09:00:00-00:00,2026-04-06T10:00:00-00:00,1,2026-04-06,3,0,DAM,PSEI,Demand Forecast Day Ahead,SYS_FCST_DA_MW,2.8,2002.91,DAM,23
2026-04-06T11:00:00-00:00,2026-04-06T12:00:00-00:00,1,2026-04-06,5,0,DAM,PSEI,Demand Forecast Day Ahead,SYS_FCST_DA_MW,2.8,2170.36,DAM,23
2026-04-06T19:00:00-00:00,2026-04-06T20:00:00-00:00,1,2026-04-06,13,0,DAM,PSEI,Demand Forecast Day Ahead,SYS_FCST_DA_MW,2.8,2733.51,DAM,23
2026-04-07T06:00:00-00:00,2026-04-07T07:00:00-00:00,1,2026-04-06,24,0,DAM,PSEI,Demand Forecast Day Ahead,SYS_FCST_DA_MW,2.8,2307.21,DAM,23
2026-04-06T10:00:00-00:00,2026-04-06T11:00:00-00:00,1,2026-04-06,4,0,DAM,PSEI,Demand Forecast Day Ahead,SYS_FCST_DA_MW,2.8,2043.01,DAM,23
2026-04-06T22:00:00-00:00,2026-04-06T23:00:00-00:00,1,2026-04-06,16,0,DAM,PSEI,Demand Forecast Day Ahead,SYS_FCST_DA_MW,2.8,2744.18,DAM,23
2026-04-07T01:00:00-00:00,2026-04-07T02:00:00-00:00,1,2026-04-06,19,0,DAM,PSEI,Demand Forecast Day Ahead,SYS_FCST_DA_MW,2.8,2790.31,DAM,23
2026-04-07T04:00:00-00:00,2026-04-07T05:00:00-00:00,1,2026-04-06,22,0,DAM,PSEI,Demand Forecast Day Ahead,SYS_FCST_DA_MW,2.8,2672.25,DAM,23
2026-04-07T05:00:00-00:00,2026-04-07T06:00:00-00:00,1,2026-04-06,23,0,DAM,PSEI,Demand Forecast Day Ahead,SYS_FCST_DA_MW,2.8,2471.91,DAM,23
2026-04-06T18:00:00-00:00,2026-04-06T19:00:00-00:00,1,2026-04-06,12,0,DAM,PSEI,Demand Forecast Day Ahead,SYS_FCST_DA_MW,2.8,2769.28,DAM,23
2026-04-06T21:00:00-00:00,2026-04-06T22:00:00-00:00,1,2026-04-06,15,0,DAM,SCE-TAC,Demand Forecast Day Ahead,SYS_FCST_DA_MW,2.2,9818.54,DAM,24
2026-04-06T15:00:00-00:00,2026-04-06T16:00:00-00:00,1,2026-04-06,9,0,DAM,SCE-TAC,Demand Forecast Day Ahead,SYS_FCST_DA_MW,2.2,10324.38,DAM,24
2026-04-06T08:00:00-00:00,2026-04-06T09:00:00-00:00,1,2026-04-06,2,0,DAM,SCE-TAC,Demand Forecast Day Ahead,SYS_FCST_DA_MW,2.2,9247.45,DAM,24
2026-04-06T12:00:00-00:00,2026-04-06T13:00:00-00:00,1,2026-04-06,6,0,DAM,SCE-TAC,Demand Forecast Day Ahead,SYS_FCST_DA_MW,2.2,9464.61,DAM,24
2026-04-07T02:00:00-00:00,2026-04-07T03:00:00-00:00,1,2026-04-06,20,0,DAM,SCE-TAC,Demand Forecast Day Ahead,SYS_FCST_DA_MW,2.2,12547.24,DAM,24
2026-04-06T07:00:00-00:00,2026-04-06T08:00:00-00:00,1,2026-04-06,1,0,DAM,SCE-TAC,Demand Forecast Day Ahead,SYS_FCST_DA_MW,2.2,9600.88,DAM,24
2026-04-06T10:00:00-00:00,2026-04-06T11:00:00-00:00,1,2026-04-06,4,0,DAM,SCE-TAC,Demand Forecast Day Ahead,SYS_FCST_DA_MW,2.2,8738.67,DAM,24
2026-04-06T13:00:00-00:00,2026-04-06T14:00:00-00:00,1,2026-04-06,7,0,DAM,SCE-TAC,Demand Forecast Day Ahead,SYS_FCST_DA_MW,2.2,10131.29,DAM,24
2026-04-06T19:00:00-00:00,2026-04-06T20:00:00-00:00,1,2026-04-06,13,0,DAM,SCE-TAC,Demand Forecast Day Ahead,SYS_FCST_DA_MW,2.2,9308.94,DAM,24
2026-04-06T14:00:00-00:00,2026-04-06T15:00:00-00:00,1,2026-04-06,8,0,DAM,SCE-TAC,Demand Forecast Day Ahead,SYS_FCST_DA_MW,2.2,10434.13,DAM,24
2026-04-07T04:00:00-00:00,2026-04-07T05:00:00-00:00,1,2026-04-06,22,0,DAM,SCE-TAC,Demand Forecast Day Ahead,SYS_FCST_DA_MW,2.2,11988.96,DAM,24
2026-04-06T16:00:00-00:00,2026-04-06T17:00:00-00:00,1,2026-04-06,10,0,DAM,SCE-TAC,Demand Forecast Day Ahead,SYS_FCST_DA_MW,2.2,10013,DAM,24
2026-04-06T17:00:00-00:00,2026-04-06T18:00:00-00:00,1,2026-04-06,11,0,DAM,SCE-TAC,Demand Forecast Day Ahead,SYS_FCST_DA_MW,2.2,9604.45,DAM,24
2026-04-06T18:00:00-00:00,2026-04-06T19:00:00-00:00,1,2026-04-06,12,0,DAM,SCE-TAC,Demand Forecast Day Ahead,SYS_FCST_DA_MW,2.2,9353.83,DAM,24
2026-04-06T23:00:00-00:00,2026-04-07T00:00:00-00:00,1,2026-04-06,17,0,DAM,SCE-TAC,Demand Forecast Day Ahead,SYS_FCST_DA_MW,2.2,10938.32,DAM,24
2026-04-07T05:00:00-00:00,2026-04-07T06:00:00-00:00,1,2026-04-06,23,0,DAM,SCE-TAC,Demand Forecast Day Ahead,SYS_FCST_DA_MW,2.2,11318.17,DAM,24
2026-04-07T06:00:00-00:00,2026-04-07T07:00:00-00:00,1,2026-04-06,24,0,DAM,SCE-TAC,Demand Forecast Day Ahead,SYS_FCST_DA_MW,2.2,10555.61,DAM,24
2026-04-06T11:00:00-00:00,2026-04-06T12:00:00-00:00,1,2026-04-06,5,0,DAM,SCE-TAC,Demand Forecast Day Ahead,SYS_FCST_DA_MW,2.2,8923.2,DAM,24
2026-04-06T22:00:00-00:00,2026-04-06T23:00:00-00:00,1,2026-04-06,16,0,DAM,SCE-TAC,Demand Forecast Day Ahead,SYS_FCST_DA_MW,2.2,10348.12,DAM,24
2026-04-07T01:00:00-00:00,2026-04-07T02:00:00-00:00,1,2026-04-06,19,0,DAM,SCE-TAC,Demand Forecast Day Ahead,SYS_FCST_DA_MW,2.2,12309.76,DAM,24
2026-04-07T03:00:00-00:00,2026-04-07T04:00:00-00:00,1,2026-04-06,21,0,DAM,SCE-TAC,Demand Forecast Day Ahead,SYS_FCST_DA_MW,2.2,12243.56,DAM,24
2026-04-06T09:00:00-00:00,2026-04-06T10:00:00-00:00,1,2026-04-06,3,0,DAM,SCE-TAC,Demand Forecast Day Ahead,SYS_FCST_DA_MW,2.2,8899.67,DAM,24
2026-04-06T20:00:00-00:00,2026-04-06T21:00:00-00:00,1,2026-04-06,14,0,DAM,SCE-TAC,Demand Forecast Day Ahead,SYS_FCST_DA_MW,2.2,9441.8,DAM,24
2026-04-07T00:00:00-00:00,2026-04-07T01:00:00-00:00,1,2026-04-06,18,0,DAM,SCE-TAC,Demand Forecast Day Ahead,SYS_FCST_DA_MW,2.2,11585.21,DAM,24
2026-04-06T08:00:00-00:00,2026-04-06T09:00:00-00:00,1,2026-04-06,2,0,DAM,SCL,Demand Forecast Day Ahead,SYS_FCST_DA_MW,2.8,786.05,DAM,25
2026-04-06T10:00:00-00:00,2026-04-06T11:00:00-00:00,1,2026-04-06,4,0,DAM,SCL,Demand Forecast Day Ahead,SYS_FCST_DA_MW,2.8,784.21,DAM,25
2026-04-06T19:00:00-00:00,2026-04-06T20:00:00-00:00,1,2026-04-06,13,0,DAM,SCL,Demand Forecast Day Ahead,SYS_FCST_DA_MW,2.8,1069.67,DAM,25
2026-04-06T22:00:00-00:00,2026-04-06T23:00:00-00:00,1,2026-04-06,16,0,DAM,SCL,Demand Forecast Day Ahead,SYS_FCST_DA_MW,2.8,1064.16,DAM,25
2026-04-07T03:00:00-00:00,2026-04-07T04:00:00-00:00,1,2026-04-06,21,0,DAM,SCL,Demand Forecast Day Ahead,SYS_FCST_DA_MW,2.8,1060.38,DAM,25
2026-04-07T05:00:00-00:00,2026-04-07T06:00:00-00:00,1,2026-04-06,23,0,DAM,SCL,Demand Forecast Day Ahead,SYS_FCST_DA_MW,2.8,947.44,DAM,25
2026-04-06T07:00:00-00:00,2026-04-06T08:00:00-00:00,1,2026-04-06,1,0,DAM,SCL,Demand Forecast Day Ahead,SYS_FCST_DA_MW,2.8,816.05,DAM,25
2026-04-06T16:00:00-00:00,2026-04-06T17:00:00-00:00,1,2026-04-06,10,0,DAM,SCL,Demand Forecast Day Ahead,SYS_FCST_DA_MW,2.8,1111.28,DAM,25
2026-04-06T20:00:00-00:00,2026-04-06T21:00:00-00:00,1,2026-04-06,14,0,DAM,SCL,Demand Forecast Day Ahead,SYS_FCST_DA_MW,2.8,1067.35,DAM,25
2026-04-07T00:00:00-00:00,2026-04-07T01:00:00-00:00,1,2026-04-06,18,0,DAM,SCL,Demand Forecast Day Ahead,SYS_FCST_DA_MW,2.8,1073.47,DAM,25
2026-04-06T13:00:00-00:00,2026-04-06T14:00:00-00:00,1,2026-04-06,7,0,DAM,SCL,Demand Forecast Day Ahead,SYS_FCST_DA_MW,2.8,1028.06,DAM,25
2026-04-06T15:00:00-00:00,2026-04-06T16:00:00-00:00,1,2026-04-06,9,0,DAM,SCL,Demand Forecast Day Ahead,SYS_FCST_DA_MW,2.8,1129.63,DAM,25
2026-04-06T23:00:00-00:00,2026-04-07T00:00:00-00:00,1,2026-04-06,17,0,DAM,SCL,Demand Forecast Day Ahead,SYS_FCST_DA_MW,2.8,1067.69,DAM,25
2026-04-06T18:00:00-00:00,2026-04-06T19:00:00-00:00,1,2026-04-06,12,0,DAM,SCL,Demand Forecast Day Ahead,SYS_FCST_DA_MW,2.8,1082.65,DAM,25
2026-04-06T11:00:00-00:00,2026-04-06T12:00:00-00:00,1,2026-04-06,5,0,DAM,SCL,Demand Forecast Day Ahead,SYS_FCST_DA_MW,2.8,820.45,DAM,25
2026-04-06T14:00:00-00:00,2026-04-06T15:00:00-00:00,1,2026-04-06,8,0,DAM,SCL,Demand Forecast Day Ahead,SYS_FCST_DA_MW,2.8,1109.72,DAM,25
2026-04-07T02:00:00-00:00,2026-04-07T03:00:00-00:00,1,2026-04-06,20,0,DAM,SCL,Demand Forecast Day Ahead,SYS_FCST_DA_MW,2.8,1058.59,DAM,25
2026-04-07T04:00:00-00:00,2026-04-07T05:00:00-00:00,1,2026-04-06,22,0,DAM,SCL,Demand Forecast Day Ahead,SYS_FCST_DA_MW,2.8,1017.59,DAM,25
2026-04-07T06:00:00-00:00,2026-04-07T07:00:00-00:00,1,2026-04-06,24,0,DAM,SCL,Demand Forecast Day Ahead,SYS_FCST_DA_MW,2.8,883.51,DAM,25
2026-04-06T09:00:00-00:00,2026-04-06T10:00:00-00:00,1,2026-04-06,3,0,DAM,SCL,Demand Forecast Day Ahead,SYS_FCST_DA_MW,2.8,774.84,DAM,25
2026-04-06T21:00:00-00:00,2026-04-06T22:00:00-00:00,1,2026-04-06,15,0,DAM,SCL,Demand Forecast Day Ahead,SYS_FCST_DA_MW,2.8,1064.79,DAM,25
2026-04-07T01:00:00-00:00,2026-04-07T02:00:00-00:00,1,2026-04-06,19,0,DAM,SCL,Demand Forecast Day Ahead,SYS_FCST_DA_MW,2.8,1059.04,DAM,25
2026-04-06T12:00:00-00:00,2026-04-06T13:00:00-00:00,1,2026-04-06,6,0,DAM,SCL,Demand Forecast Day Ahead,SYS_FCST_DA_MW,2.8,902.89,DAM,25
2026-04-06T17:00:00-00:00,2026-04-06T18:00:00-00:00,1,2026-04-06,11,0,DAM,SCL,Demand Forecast Day Ahead,SYS_FCST_DA_MW,2.8,1095.59,DAM,25
2026-04-06T11:00:00-00:00,2026-04-06T12:00:00-00:00,1,2026-04-06,5,0,DAM,SDGE-TAC,Demand Forecast Day Ahead,SYS_FCST_DA_MW,2.4,1795,DAM,26
2026-04-07T03:00:00-00:00,2026-04-07T04:00:00-00:00,1,2026-04-06,21,0,DAM,SDGE-TAC,Demand Forecast Day Ahead,SYS_FCST_DA_MW,2.4,2484,DAM,26
2026-04-06T21:00:00-00:00,2026-04-06T22:00:00-00:00,1,2026-04-06,15,0,DAM,SDGE-TAC,Demand Forecast Day Ahead,SYS_FCST_DA_MW,2.4,1290,DAM,26
2026-04-06T19:00:00-00:00,2026-04-06T20:00:00-00:00,1,2026-04-06,13,0,DAM,SDGE-TAC,Demand Forecast Day Ahead,SYS_FCST_DA_MW,2.4,1190,DAM,26
2026-04-06T23:00:00-00:00,2026-04-07T00:00:00-00:00,1,2026-04-06,17,0,DAM,SDGE-TAC,Demand Forecast Day Ahead,SYS_FCST_DA_MW,2.4,1818,DAM,26
2026-04-06T14:00:00-00:00,2026-04-06T15:00:00-00:00,1,2026-04-06,8,0,DAM,SDGE-TAC,Demand Forecast Day Ahead,SYS_FCST_DA_MW,2.4,2088,DAM,26
2026-04-06T13:00:00-00:00,2026-04-06T14:00:00-00:00,1,2026-04-06,7,0,DAM,SDGE-TAC,Demand Forecast Day Ahead,SYS_FCST_DA_MW,2.4,2013,DAM,26
2026-04-06T15:00:00-00:00,2026-04-06T16:00:00-00:00,1,2026-04-06,9,0,DAM,SDGE-TAC,Demand Forecast Day Ahead,SYS_FCST_DA_MW,2.4,2012,DAM,26
2026-04-06T07:00:00-00:00,2026-04-06T08:00:00-00:00,1,2026-04-06,1,0,DAM,SDGE-TAC,Demand Forecast Day Ahead,SYS_FCST_DA_MW,2.4,2041,DAM,26
2026-04-06T17:00:00-00:00,2026-04-06T18:00:00-00:00,1,2026-04-06,11,0,DAM,SDGE-TAC,Demand Forecast Day Ahead,SYS_FCST_DA_MW,2.4,1491,DAM,26
2026-04-07T01:00:00-00:00,2026-04-07T02:00:00-00:00,1,2026-04-06,19,0,DAM,SDGE-TAC,Demand Forecast Day Ahead,SYS_FCST_DA_MW,2.4,2442,DAM,26
2026-04-06T16:00:00-00:00,2026-04-06T17:00:00-00:00,1,2026-04-06,10,0,DAM,SDGE-TAC,Demand Forecast Day Ahead,SYS_FCST_DA_MW,2.4,1785,DAM,26
2026-04-06T22:00:00-00:00,2026-04-06T23:00:00-00:00,1,2026-04-06,16,0,DAM,SDGE-TAC,Demand Forecast Day Ahead,SYS_FCST_DA_MW,2.4,1499,DAM,26
2026-04-07T06:00:00-00:00,2026-04-07T07:00:00-00:00,1,2026-04-06,24,0,DAM,SDGE-TAC,Demand Forecast Day Ahead,SYS_FCST_DA_MW,2.4,2027,DAM,26
2026-04-07T05:00:00-00:00,2026-04-07T06:00:00-00:00,1,2026-04-06,23,0,DAM,SDGE-TAC,Demand Forecast Day Ahead,SYS_FCST_DA_MW,2.4,2194,DAM,26
2026-04-07T02:00:00-00:00,2026-04-07T03:00:00-00:00,1,2026-04-06,20,0,DAM,SDGE-TAC,Demand Forecast Day Ahead,SYS_FCST_DA_MW,2.4,2552,DAM,26
2026-04-06T20:00:00-00:00,2026-04-06T21:00:00-00:00,1,2026-04-06,14,0,DAM,SDGE-TAC,Demand Forecast Day Ahead,SYS_FCST_DA_MW,2.4,1193,DAM,26
2026-04-07T00:00:00-00:00,2026-04-07T01:00:00-00:00,1,2026-04-06,18,0,DAM,SDGE-TAC,Demand Forecast Day Ahead,SYS_FCST_DA_MW,2.4,2191,DAM,26
2026-04-06T18:00:00-00:00,2026-04-06T19:00:00-00:00,1,2026-04-06,12,0,DAM,SDGE-TAC,Demand Forecast Day Ahead,SYS_FCST_DA_MW,2.4,1285,DAM,26
2026-04-06T12:00:00-00:00,2026-04-06T13:00:00-00:00,1,2026-04-06,6,0,DAM,SDGE-TAC,Demand Forecast Day Ahead,SYS_FCST_DA_MW,2.4,1871,DAM,26
2026-04-06T09:00:00-00:00,2026-04-06T10:00:00-00:00,1,2026-04-06,3,0,DAM,SDGE-TAC,Demand Forecast Day Ahead,SYS_FCST_DA_MW,2.4,1855,DAM,26
2026-04-06T08:00:00-00:00,2026-04-06T09:00:00-00:00,1,2026-04-06,2,0,DAM,SDGE-TAC,Demand Forecast Day Ahead,SYS_FCST_DA_MW,2.4,1962,DAM,26
2026-04-07T04:00:00-00:00,2026-04-07T05:00:00-00:00,1,2026-04-06,22,0,DAM,SDGE-TAC,Demand Forecast Day Ahead,SYS_FCST_DA_MW,2.4,2376,DAM,26
2026-04-06T10:00:00-00:00,2026-04-06T11:00:00-00:00,1,2026-04-06,4,0,DAM,SDGE-TAC,Demand Forecast Day Ahead,SYS_FCST_DA_MW,2.4,1799,DAM,26
2026-04-06T22:00:00-00:00,2026-04-06T23:00:00-00:00,1,2026-04-06,16,0,DAM,SRP,Demand Forecast Day Ahead,SYS_FCST_DA_MW,2.8,4684.2,DAM,27
2026-04-06T14:00:00-00:00,2026-04-06T15:00:00-00:00,1,2026-04-06,8,0,DAM,SRP,Demand Forecast Day Ahead,SYS_FCST_DA_MW,2.8,3501.86,DAM,27
2026-04-06T09:00:00-00:00,2026-04-06T10:00:00-00:00,1,2026-04-06,3,0,DAM,SRP,Demand Forecast Day Ahead,SYS_FCST_DA_MW,2.8,3274.08,DAM,27
2026-04-07T04:00:00-00:00,2026-04-07T05:00:00-00:00,1,2026-04-06,22,0,DAM,SRP,Demand Forecast Day Ahead,SYS_FCST_DA_MW,2.8,4336.99,DAM,27
2026-04-06T20:00:00-00:00,2026-04-06T21:00:00-00:00,1,2026-04-06,14,0,DAM,SRP,Demand Forecast Day Ahead,SYS_FCST_DA_MW,2.8,4357.78,DAM,27
2026-04-06T16:00:00-00:00,2026-04-06T17:00:00-00:00,1,2026-04-06,10,0,DAM,SRP,Demand Forecast Day Ahead,SYS_FCST_DA_MW,2.8,3716.09,DAM,27
2026-04-06T08:00:00-00:00,2026-04-06T09:00:00-00:00,1,2026-04-06,2,0,DAM,SRP,Demand Forecast Day Ahead,SYS_FCST_DA_MW,2.8,3371.12,DAM,27
2026-04-07T00:00:00-00:00,2026-04-07T01:00:00-00:00,1,2026-04-06,18,0,DAM,SRP,Demand Forecast Day Ahead,SYS_FCST_DA_MW,2.8,4929.88,DAM,27
2026-04-06T17:00:00-00:00,2026-04-06T18:00:00-00:00,1,2026-04-06,11,0,DAM,SRP,Demand Forecast Day Ahead,SYS_FCST_DA_MW,2.8,3847.58,DAM,27
2026-04-06T12:00:00-00:00,2026-04-06T13:00:00-00:00,1,2026-04-06,6,0,DAM,SRP,Demand Forecast Day Ahead,SYS_FCST_DA_MW,2.8,3340.01,DAM,27
2026-04-06T19:00:00-00:00,2026-04-06T20:00:00-00:00,1,2026-04-06,13,0,DAM,SRP,Demand Forecast Day Ahead,SYS_FCST_DA_MW,2.8,4165.54,DAM,27
2026-04-06T18:00:00-00:00,2026-04-06T19:00:00-00:00,1,2026-04-06,12,0,DAM,SRP,Demand Forecast Day Ahead,SYS_FCST_DA_MW,2.8,3990.06,DAM,27
2026-04-06T15:00:00-00:00,2026-04-06T16:00:00-00:00,1,2026-04-06,9,0,DAM,SRP,Demand Forecast Day Ahead,SYS_FCST_DA_MW,2.8,3586.72,DAM,27
2026-04-06T13:00:00-00:00,2026-04-06T14:00:00-00:00,1,2026-04-06,7,0,DAM,SRP,Demand Forecast Day Ahead,SYS_FCST_DA_MW,2.8,3440.85,DAM,27
2026-04-07T05:00:00-00:00,2026-04-07T06:00:00-00:00,1,2026-04-06,23,0,DAM,SRP,Demand Forecast Day Ahead,SYS_FCST_DA_MW,2.8,4021.58,DAM,27
2026-04-07T01:00:00-00:00,2026-04-07T02:00:00-00:00,1,2026-04-06,19,0,DAM,SRP,Demand Forecast Day Ahead,SYS_FCST_DA_MW,2.8,4863,DAM,27
2026-04-06T21:00:00-00:00,2026-04-06T22:00:00-00:00,1,2026-04-06,15,0,DAM,SRP,Demand Forecast Day Ahead,SYS_FCST_DA_MW,2.8,4514.17,DAM,27
2026-04-06T10:00:00-00:00,2026-04-06T11:00:00-00:00,1,2026-04-06,4,0,DAM,SRP,Demand Forecast Day Ahead,SYS_FCST_DA_MW,2.8,3231.3,DAM,27
2026-04-06T07:00:00-00:00,2026-04-06T08:00:00-00:00,1,2026-04-06,1,0,DAM,SRP,Demand Forecast Day Ahead,SYS_FCST_DA_MW,2.8,3560.62,DAM,27
2026-04-07T03:00:00-00:00,2026-04-07T04:00:00-00:00,1,2026-04-06,21,0,DAM,SRP,Demand Forecast Day Ahead,SYS_FCST_DA_MW,2.8,4586.64,DAM,27
2026-04-07T02:00:00-00:00,2026-04-07T03:00:00-00:00,1,2026-04-06,20,0,DAM,SRP,Demand Forecast Day Ahead,SYS_FCST_DA_MW,2.8,4744.24,DAM,27
2026-04-06T11:00:00-00:00,2026-04-06T12:00:00-00:00,1,2026-04-06,5,0,DAM,SRP,Demand Forecast Day Ahead,SYS_FCST_DA_MW,2.8,3270.79,DAM,27
2026-04-06T23:00:00-00:00,2026-04-07T00:00:00-00:00,1,2026-04-06,17,0,DAM,SRP,Demand Forecast Day Ahead,SYS_FCST_DA_MW,2.8,4852.09,DAM,27
2026-04-07T06:00:00-00:00,2026-04-07T07:00:00-00:00,1,2026-04-06,24,0,DAM,SRP,Demand Forecast Day Ahead,SYS_FCST_DA_MW,2.8,3716.42,DAM,27
2026-04-06T10:00:00-00:00,2026-04-06T11:00:00-00:00,1,2026-04-06,4,0,DAM,TEPC,Demand Forecast Day Ahead,SYS_FCST_DA_MW,2.8,919.55,DAM,28
2026-04-06T23:00:00-00:00,2026-04-07T00:00:00-00:00,1,2026-04-06,17,0,DAM,TEPC,Demand Forecast Day Ahead,SYS_FCST_DA_MW,2.8,1336.86,DAM,28
2026-04-07T04:00:00-00:00,2026-04-07T05:00:00-00:00,1,2026-04-06,22,0,DAM,TEPC,Demand Forecast Day Ahead,SYS_FCST_DA_MW,2.8,1251.26,DAM,28
2026-04-06T11:00:00-00:00,2026-04-06T12:00:00-00:00,1,2026-04-06,5,0,DAM,TEPC,Demand Forecast Day Ahead,SYS_FCST_DA_MW,2.8,945.67,DAM,28
2026-04-06T12:00:00-00:00,2026-04-06T13:00:00-00:00,1,2026-04-06,6,0,DAM,TEPC,Demand Forecast Day Ahead,SYS_FCST_DA_MW,2.8,1005.01,DAM,28
2026-04-06T18:00:00-00:00,2026-04-06T19:00:00-00:00,1,2026-04-06,12,0,DAM,TEPC,Demand Forecast Day Ahead,SYS_FCST_DA_MW,2.8,1043.15,DAM,28
2026-04-07T02:00:00-00:00,2026-04-07T03:00:00-00:00,1,2026-04-06,20,0,DAM,TEPC,Demand Forecast Day Ahead,SYS_FCST_DA_MW,2.8,1396.14,DAM,28
2026-04-07T06:00:00-00:00,2026-04-07T07:00:00-00:00,1,2026-04-06,24,0,DAM,TEPC,Demand Forecast Day Ahead,SYS_FCST_DA_MW,2.8,1032.75,DAM,28
2026-04-06T09:00:00-00:00,2026-04-06T10:00:00-00:00,1,2026-04-06,3,0,DAM,TEPC,Demand Forecast Day Ahead,SYS_FCST_DA_MW,2.8,923.99,DAM,28
2026-04-06T16:00:00-00:00,2026-04-06T17:00:00-00:00,1,2026-04-06,10,0,DAM,TEPC,Demand Forecast Day Ahead,SYS_FCST_DA_MW,2.8,991.73,DAM,28
2026-04-07T01:00:00-00:00,2026-04-07T02:00:00-00:00,1,2026-04-06,19,0,DAM,TEPC,Demand Forecast Day Ahead,SYS_FCST_DA_MW,2.8,1416.14,DAM,28
2026-04-07T05:00:00-00:00,2026-04-07T06:00:00-00:00,1,2026-04-06,23,0,DAM,TEPC,Demand Forecast Day Ahead,SYS_FCST_DA_MW,2.8,1136.57,DAM,28
2026-04-06T14:00:00-00:00,2026-04-06T15:00:00-00:00,1,2026-04-06,8,0,DAM,TEPC,Demand Forecast Day Ahead,SYS_FCST_DA_MW,2.8,1030.31,DAM,28
2026-04-06T19:00:00-00:00,2026-04-06T20:00:00-00:00,1,2026-04-06,13,0,DAM,TEPC,Demand Forecast Day Ahead,SYS_FCST_DA_MW,2.8,1097.42,DAM,28
2026-04-07T00:00:00-00:00,2026-04-07T01:00:00-00:00,1,2026-04-06,18,0,DAM,TEPC,Demand Forecast Day Ahead,SYS_FCST_DA_MW,2.8,1402.2,DAM,28
2026-04-06T07:00:00-00:00,2026-04-06T08:00:00-00:00,1,2026-04-06,1,0,DAM,TEPC,Demand Forecast Day Ahead,SYS_FCST_DA_MW,2.8,1008.3,DAM,28
2026-04-06T22:00:00-00:00,2026-04-06T23:00:00-00:00,1,2026-04-06,16,0,DAM,TEPC,Demand Forecast Day Ahead,SYS_FCST_DA_MW,2.8,1255.28,DAM,28
2026-04-06T08:00:00-00:00,2026-04-06T09:00:00-00:00,1,2026-04-06,2,0,DAM,TEPC,Demand Forecast Day Ahead,SYS_FCST_DA_MW,2.8,951.45,DAM,28
2026-04-06T13:00:00-00:00,2026-04-06T14:00:00-00:00,1,2026-04-06,7,0,DAM,TEPC,Demand Forecast Day Ahead,SYS_FCST_DA_MW,2.8,1045.62,DAM,28
2026-04-06T15:00:00-00:00,2026-04-06T16:00:00-00:00,1,2026-04-06,9,0,DAM,TEPC,Demand Forecast Day Ahead,SYS_FCST_DA_MW,2.8,999.63,DAM,28
2026-04-06T17:00:00-00:00,2026-04-06T18:00:00-00:00,1,2026-04-06,11,0,DAM,TEPC,Demand Forecast Day Ahead,SYS_FCST_DA_MW,2.8,1006.99,DAM,28
2026-04-06T20:00:00-00:00,2026-04-06T21:00:00-00:00,1,2026-04-06,14,0,DAM,TEPC,Demand Forecast Day Ahead,SYS_FCST_DA_MW,2.8,1148.82,DAM,28
2026-04-06T21:00:00-00:00,2026-04-06T22:00:00-00:00,1,2026-04-06,15,0,DAM,TEPC,Demand Forecast Day Ahead,SYS_FCST_DA_MW,2.8,1197.35,DAM,28
2026-04-07T03:00:00-00:00,2026-04-07T04:00:00-00:00,1,2026-04-06,21,0,DAM,TEPC,Demand Forecast Day Ahead,SYS_FCST_DA_MW,2.8,1339.72,DAM,28
2026-04-06T17:00:00-00:00,2026-04-06T18:00:00-00:00,1,2026-04-06,11,0,DAM,TIDC,Demand Forecast Day Ahead,SYS_FCST_DA_MW,2.8,275.21,DAM,29
2026-04-06T19:00:00-00:00,2026-04-06T20:00:00-00:00,1,2026-04-06,13,0,DAM,TIDC,Demand Forecast Day Ahead,SYS_FCST_DA_MW,2.8,285.82,DAM,29
2026-04-07T04:00:00-00:00,2026-04-07T05:00:00-00:00,1,2026-04-06,22,0,DAM,TIDC,Demand Forecast Day Ahead,SYS_FCST_DA_MW,2.8,328.45,DAM,29
2026-04-07T05:00:00-00:00,2026-04-07T06:00:00-00:00,1,2026-04-06,23,0,DAM,TIDC,Demand Forecast Day Ahead,SYS_FCST_DA_MW,2.8,304.85,DAM,29
2026-04-06T14:00:00-00:00,2026-04-06T15:00:00-00:00,1,2026-04-06,8,0,DAM,TIDC,Demand Forecast Day Ahead,SYS_FCST_DA_MW,2.8,279.52,DAM,29
2026-04-06T18:00:00-00:00,2026-04-06T19:00:00-00:00,1,2026-04-06,12,0,DAM,TIDC,Demand Forecast Day Ahead,SYS_FCST_DA_MW,2.8,277.77,DAM,29
2026-04-06T22:00:00-00:00,2026-04-06T23:00:00-00:00,1,2026-04-06,16,0,DAM,TIDC,Demand Forecast Day Ahead,SYS_FCST_DA_MW,2.8,325.18,DAM,29
2026-04-07T06:00:00-00:00,2026-04-07T07:00:00-00:00,1,2026-04-06,24,0,DAM,TIDC,Demand Forecast Day Ahead,SYS_FCST_DA_MW,2.8,282.68,DAM,29
2026-04-06T08:00:00-00:00,2026-04-06T09:00:00-00:00,1,2026-04-06,2,0,DAM,TIDC,Demand Forecast Day Ahead,SYS_FCST_DA_MW,2.8,232.44,DAM,29
2026-04-06T10:00:00-00:00,2026-04-06T11:00:00-00:00,1,2026-04-06,4,0,DAM,TIDC,Demand Forecast Day Ahead,SYS_FCST_DA_MW,2.8,225.81,DAM,29
2026-04-06T16:00:00-00:00,2026-04-06T17:00:00-00:00,1,2026-04-06,10,0,DAM,TIDC,Demand Forecast Day Ahead,SYS_FCST_DA_MW,2.8,277.3,DAM,29
2026-04-06T23:00:00-00:00,2026-04-07T00:00:00-00:00,1,2026-04-06,17,0,DAM,TIDC,Demand Forecast Day Ahead,SYS_FCST_DA_MW,2.8,339.06,DAM,29
2026-04-07T00:00:00-00:00,2026-04-07T01:00:00-00:00,1,2026-04-06,18,0,DAM,TIDC,Demand Forecast Day Ahead,SYS_FCST_DA_MW,2.8,351.04,DAM,29
2026-04-07T02:00:00-00:00,2026-04-07T03:00:00-00:00,1,2026-04-06,20,0,DAM,TIDC,Demand Forecast Day Ahead,SYS_FCST_DA_MW,2.8,350.6,DAM,29
2026-04-06T15:00:00-00:00,2026-04-06T16:00:00-00:00,1,2026-04-06,9,0,DAM,TIDC,Demand Forecast Day Ahead,SYS_FCST_DA_MW,2.8,280.33,DAM,29
2026-04-06T20:00:00-00:00,2026-04-06T21:00:00-00:00,1,2026-04-06,14,0,DAM,TIDC,Demand Forecast Day Ahead,SYS_FCST_DA_MW,2.8,300.12,DAM,29
2026-04-07T01:00:00-00:00,2026-04-07T02:00:00-00:00,1,2026-04-06,19,0,DAM,TIDC,Demand Forecast Day Ahead,SYS_FCST_DA_MW,2.8,354.73,DAM,29
2026-04-06T11:00:00-00:00,2026-04-06T12:00:00-00:00,1,2026-04-06,5,0,DAM,TIDC,Demand Forecast Day Ahead,SYS_FCST_DA_MW,2.8,231.71,DAM,29
2026-04-06T12:00:00-00:00,2026-04-06T13:00:00-00:00,1,2026-04-06,6,0,DAM,TIDC,Demand Forecast Day Ahead,SYS_FCST_DA_MW,2.8,244.37,DAM,29
2026-04-06T13:00:00-00:00,2026-04-06T14:00:00-00:00,1,2026-04-06,7,0,DAM,TIDC,Demand Forecast Day Ahead,SYS_FCST_DA_MW,2.8,264.54,DAM,29
2026-04-06T21:00:00-00:00,2026-04-06T22:00:00-00:00,1,2026-04-06,15,0,DAM,TIDC,Demand Forecast Day Ahead,SYS_FCST_DA_MW,2.8,313.08,DAM,29
2026-04-06T07:00:00-00:00,2026-04-06T08:00:00-00:00,1,2026-04-06,1,0,DAM,TIDC,Demand Forecast Day Ahead,SYS_FCST_DA_MW,2.8,241.76,DAM,29
2026-04-07T03:00:00-00:00,2026-04-07T04:00:00-00:00,1,2026-04-06,21,0,DAM,TIDC,Demand Forecast Day Ahead,SYS_FCST_DA_MW,2.8,347.61,DAM,29
2026-04-06T09:00:00-00:00,2026-04-06T10:00:00-00:00,1,2026-04-06,3,0,DAM,TIDC,Demand Forecast Day Ahead,SYS_FCST_DA_MW,2.8,226.72,DAM,29
2026-04-06T09:00:00-00:00,2026-04-06T10:00:00-00:00,1,2026-04-06,3,0,DAM,TPWR,Demand Forecast Day Ahead,SYS_FCST_DA_MW,2.8,349.75,DAM,30
2026-04-07T06:00:00-00:00,2026-04-07T07:00:00-00:00,1,2026-04-06,24,0,DAM,TPWR,Demand Forecast Day Ahead,SYS_FCST_DA_MW,2.8,416.45,DAM,30
2026-04-06T23:00:00-00:00,2026-04-07T00:00:00-00:00,1,2026-04-06,17,0,DAM,TPWR,Demand Forecast Day Ahead,SYS_FCST_DA_MW,2.8,455,DAM,30
2026-04-06T08:00:00-00:00,2026-04-06T09:00:00-00:00,1,2026-04-06,2,0,DAM,TPWR,Demand Forecast Day Ahead,SYS_FCST_DA_MW,2.8,356.85,DAM,30
2026-04-06T18:00:00-00:00,2026-04-06T19:00:00-00:00,1,2026-04-06,12,0,DAM,TPWR,Demand Forecast Day Ahead,SYS_FCST_DA_MW,2.8,478.28,DAM,30
2026-04-07T05:00:00-00:00,2026-04-07T06:00:00-00:00,1,2026-04-06,23,0,DAM,TPWR,Demand Forecast Day Ahead,SYS_FCST_DA_MW,2.8,451.39,DAM,30
2026-04-06T19:00:00-00:00,2026-04-06T20:00:00-00:00,1,2026-04-06,13,0,DAM,TPWR,Demand Forecast Day Ahead,SYS_FCST_DA_MW,2.8,467.76,DAM,30
2026-04-07T04:00:00-00:00,2026-04-07T05:00:00-00:00,1,2026-04-06,22,0,DAM,TPWR,Demand Forecast Day Ahead,SYS_FCST_DA_MW,2.8,472.6,DAM,30
2026-04-06T11:00:00-00:00,2026-04-06T12:00:00-00:00,1,2026-04-06,5,0,DAM,TPWR,Demand Forecast Day Ahead,SYS_FCST_DA_MW,2.8,362.76,DAM,30
2026-04-06T13:00:00-00:00,2026-04-06T14:00:00-00:00,1,2026-04-06,7,0,DAM,TPWR,Demand Forecast Day Ahead,SYS_FCST_DA_MW,2.8,447.93,DAM,30
2026-04-06T22:00:00-00:00,2026-04-06T23:00:00-00:00,1,2026-04-06,16,0,DAM,TPWR,Demand Forecast Day Ahead,SYS_FCST_DA_MW,2.8,456.11,DAM,30
2026-04-06T07:00:00-00:00,2026-04-06T08:00:00-00:00,1,2026-04-06,1,0,DAM,TPWR,Demand Forecast Day Ahead,SYS_FCST_DA_MW,2.8,379.68,DAM,30
2026-04-06T14:00:00-00:00,2026-04-06T15:00:00-00:00,1,2026-04-06,8,0,DAM,TPWR,Demand Forecast Day Ahead,SYS_FCST_DA_MW,2.8,486.6,DAM,30
2026-04-06T17:00:00-00:00,2026-04-06T18:00:00-00:00,1,2026-04-06,11,0,DAM,TPWR,Demand Forecast Day Ahead,SYS_FCST_DA_MW,2.8,486.56,DAM,30
2026-04-06T20:00:00-00:00,2026-04-06T21:00:00-00:00,1,2026-04-06,14,0,DAM,TPWR,Demand Forecast Day Ahead,SYS_FCST_DA_MW,2.8,461.78,DAM,30
2026-04-06T21:00:00-00:00,2026-04-06T22:00:00-00:00,1,2026-04-06,15,0,DAM,TPWR,Demand Forecast Day Ahead,SYS_FCST_DA_MW,2.8,457.54,DAM,30
2026-04-07T02:00:00-00:00,2026-04-07T03:00:00-00:00,1,2026-04-06,20,0,DAM,TPWR,Demand Forecast Day Ahead,SYS_FCST_DA_MW,2.8,458.2,DAM,30
2026-04-06T10:00:00-00:00,2026-04-06T11:00:00-00:00,1,2026-04-06,4,0,DAM,TPWR,Demand Forecast Day Ahead,SYS_FCST_DA_MW,2.8,350.52,DAM,30
2026-04-06T15:00:00-00:00,2026-04-06T16:00:00-00:00,1,2026-04-06,9,0,DAM,TPWR,Demand Forecast Day Ahead,SYS_FCST_DA_MW,2.8,499.66,DAM,30
2026-04-07T00:00:00-00:00,2026-04-07T01:00:00-00:00,1,2026-04-06,18,0,DAM,TPWR,Demand Forecast Day Ahead,SYS_FCST_DA_MW,2.8,460.42,DAM,30
2026-04-07T03:00:00-00:00,2026-04-07T04:00:00-00:00,1,2026-04-06,21,0,DAM,TPWR,Demand Forecast Day Ahead,SYS_FCST_DA_MW,2.8,470.75,DAM,30
2026-04-06T16:00:00-00:00,2026-04-06T17:00:00-00:00,1,2026-04-06,10,0,DAM,TPWR,Demand Forecast Day Ahead,SYS_FCST_DA_MW,2.8,496.84,DAM,30
2026-04-07T01:00:00-00:00,2026-04-07T02:00:00-00:00,1,2026-04-06,19,0,DAM,TPWR,Demand Forecast Day Ahead,SYS_FCST_DA_MW,2.8,464.6,DAM,30
2026-04-06T12:00:00-00:00,2026-04-06T13:00:00-00:00,1,2026-04-06,6,0,DAM,TPWR,Demand Forecast Day Ahead,SYS_FCST_DA_MW,2.8,394.73,DAM,30
2026-04-06T08:00:00-00:00,2026-04-06T09:00:00-00:00,1,2026-04-06,2,0,DAM,VEA-TAC,Demand Forecast Day Ahead,SYS_FCST_DA_MW,2.5,41.87,DAM,31
2026-04-07T05:00:00-00:00,2026-04-07T06:00:00-00:00,1,2026-04-06,23,0,DAM,VEA-TAC,Demand Forecast Day Ahead,SYS_FCST_DA_MW,2.5,53.4,DAM,31
2026-04-06T21:00:00-00:00,2026-04-06T22:00:00-00:00,1,2026-04-06,15,0,DAM,VEA-TAC,Demand Forecast Day Ahead,SYS_FCST_DA_MW,2.5,59.76,DAM,31
2026-04-06T22:00:00-00:00,2026-04-06T23:00:00-00:00,1,2026-04-06,16,0,DAM,VEA-TAC,Demand Forecast Day Ahead,SYS_FCST_DA_MW,2.5,62.63,DAM,31
2026-04-07T04:00:00-00:00,2026-04-07T05:00:00-00:00,1,2026-04-06,22,0,DAM,VEA-TAC,Demand Forecast Day Ahead,SYS_FCST_DA_MW,2.5,58.84,DAM,31
2026-04-06T13:00:00-00:00,2026-04-06T14:00:00-00:00,1,2026-04-06,7,0,DAM,VEA-TAC,Demand Forecast Day Ahead,SYS_FCST_DA_MW,2.5,54.92,DAM,31
2026-04-06T18:00:00-00:00,2026-04-06T19:00:00-00:00,1,2026-04-06,12,0,DAM,VEA-TAC,Demand Forecast Day Ahead,SYS_FCST_DA_MW,2.5,49.06,DAM,31
2026-04-06T20:00:00-00:00,2026-04-06T21:00:00-00:00,1,2026-04-06,14,0,DAM,VEA-TAC,Demand Forecast Day Ahead,SYS_FCST_DA_MW,2.5,55.52,DAM,31
2026-04-06T23:00:00-00:00,2026-04-07T00:00:00-00:00,1,2026-04-06,17,0,DAM,VEA-TAC,Demand Forecast Day Ahead,SYS_FCST_DA_MW,2.5,66.71,DAM,31
2026-04-06T07:00:00-00:00,2026-04-06T08:00:00-00:00,1,2026-04-06,1,0,DAM,VEA-TAC,Demand Forecast Day Ahead,SYS_FCST_DA_MW,2.5,42.94,DAM,31
2026-04-06T11:00:00-00:00,2026-04-06T12:00:00-00:00,1,2026-04-06,5,0,DAM,VEA-TAC,Demand Forecast Day Ahead,SYS_FCST_DA_MW,2.5,45.04,DAM,31
2026-04-07T06:00:00-00:00,2026-04-07T07:00:00-00:00,1,2026-04-06,24,0,DAM,VEA-TAC,Demand Forecast Day Ahead,SYS_FCST_DA_MW,2.5,49.52,DAM,31
2026-04-06T15:00:00-00:00,2026-04-06T16:00:00-00:00,1,2026-04-06,9,0,DAM,VEA-TAC,Demand Forecast Day Ahead,SYS_FCST_DA_MW,2.5,54.13,DAM,31
2026-04-07T01:00:00-00:00,2026-04-07T02:00:00-00:00,1,2026-04-06,19,0,DAM,VEA-TAC,Demand Forecast Day Ahead,SYS_FCST_DA_MW,2.5,66.71,DAM,31
2026-04-07T02:00:00-00:00,2026-04-07T03:00:00-00:00,1,2026-04-06,20,0,DAM,VEA-TAC,Demand Forecast Day Ahead,SYS_FCST_DA_MW,2.5,66.98,DAM,31
2026-04-06T12:00:00-00:00,2026-04-06T13:00:00-00:00,1,2026-04-06,6,0,DAM,VEA-TAC,Demand Forecast Day Ahead,SYS_FCST_DA_MW,2.5,50.69,DAM,31
2026-04-06T14:00:00-00:00,2026-04-06T15:00:00-00:00,1,2026-04-06,8,0,DAM,VEA-TAC,Demand Forecast Day Ahead,SYS_FCST_DA_MW,2.5,56.45,DAM,31
2026-04-07T00:00:00-00:00,2026-04-07T01:00:00-00:00,1,2026-04-06,18,0,DAM,VEA-TAC,Demand Forecast Day Ahead,SYS_FCST_DA_MW,2.5,67.19,DAM,31
2026-04-06T09:00:00-00:00,2026-04-06T10:00:00-00:00,1,2026-04-06,3,0,DAM,VEA-TAC,Demand Forecast Day Ahead,SYS_FCST_DA_MW,2.5,41.37,DAM,31
2026-04-06T16:00:00-00:00,2026-04-06T17:00:00-00:00,1,2026-04-06,10,0,DAM,VEA-TAC,Demand Forecast Day Ahead,SYS_FCST_DA_MW,2.5,50.54,DAM,31
2026-04-07T03:00:00-00:00,2026-04-07T04:00:00-00:00,1,2026-04-06,21,0,DAM,VEA-TAC,Demand Forecast Day Ahead,SYS_FCST_DA_MW,2.5,64.24,DAM,31
2026-04-06T17:00:00-00:00,2026-04-06T18:00:00-00:00,1,2026-04-06,11,0,DAM,VEA-TAC,Demand Forecast Day Ahead,SYS_FCST_DA_MW,2.5,48.54,DAM,31
2026-04-06T19:00:00-00:00,2026-04-06T20:00:00-00:00,1,2026-04-06,13,0,DAM,VEA-TAC,Demand Forecast Day Ahead,SYS_FCST_DA_MW,2.5,51.58,DAM,31
2026-04-06T10:00:00-00:00,2026-04-06T11:00:00-00:00,1,2026-04-06,4,0,DAM,VEA-TAC,Demand Forecast Day Ahead,SYS_FCST_DA_MW,2.5,42.41,DAM,31
2026-04-07T01:00:00-00:00,2026-04-07T02:00:00-00:00,1,2026-04-06,19,0,DAM,WALC,Demand Forecast Day Ahead,SYS_FCST_DA_MW,2.8,767.18,DAM,32
2026-04-07T02:00:00-00:00,2026-04-07T03:00:00-00:00,1,2026-04-06,20,0,DAM,WALC,Demand Forecast Day Ahead,SYS_FCST_DA_MW,2.8,745.48,DAM,32
2026-04-06T07:00:00-00:00,2026-04-06T08:00:00-00:00,1,2026-04-06,1,0,DAM,WALC,Demand Forecast Day Ahead,SYS_FCST_DA_MW,2.8,563.36,DAM,32
2026-04-06T08:00:00-00:00,2026-04-06T09:00:00-00:00,1,2026-04-06,2,0,DAM,WALC,Demand Forecast Day Ahead,SYS_FCST_DA_MW,2.8,539.65,DAM,32
2026-04-06T09:00:00-00:00,2026-04-06T10:00:00-00:00,1,2026-04-06,3,0,DAM,WALC,Demand Forecast Day Ahead,SYS_FCST_DA_MW,2.8,527.32,DAM,32
2026-04-06T12:00:00-00:00,2026-04-06T13:00:00-00:00,1,2026-04-06,6,0,DAM,WALC,Demand Forecast Day Ahead,SYS_FCST_DA_MW,2.8,561.29,DAM,32
2026-04-06T11:00:00-00:00,2026-04-06T12:00:00-00:00,1,2026-04-06,5,0,DAM,WALC,Demand Forecast Day Ahead,SYS_FCST_DA_MW,2.8,536.52,DAM,32
2026-04-06T22:00:00-00:00,2026-04-06T23:00:00-00:00,1,2026-04-06,16,0,DAM,WALC,Demand Forecast Day Ahead,SYS_FCST_DA_MW,2.8,748.1,DAM,32
2026-04-07T04:00:00-00:00,2026-04-07T05:00:00-00:00,1,2026-04-06,22,0,DAM,WALC,Demand Forecast Day Ahead,SYS_FCST_DA_MW,2.8,685.36,DAM,32
2026-04-07T05:00:00-00:00,2026-04-07T06:00:00-00:00,1,2026-04-06,23,0,DAM,WALC,Demand Forecast Day Ahead,SYS_FCST_DA_MW,2.8,647.04,DAM,32
2026-04-06T13:00:00-00:00,2026-04-06T14:00:00-00:00,1,2026-04-06,7,0,DAM,WALC,Demand Forecast Day Ahead,SYS_FCST_DA_MW,2.8,597.74,DAM,32
2026-04-06T23:00:00-00:00,2026-04-07T00:00:00-00:00,1,2026-04-06,17,0,DAM,WALC,Demand Forecast Day Ahead,SYS_FCST_DA_MW,2.8,765.85,DAM,32
2026-04-06T18:00:00-00:00,2026-04-06T19:00:00-00:00,1,2026-04-06,12,0,DAM,WALC,Demand Forecast Day Ahead,SYS_FCST_DA_MW,2.8,686.44,DAM,32
2026-04-06T20:00:00-00:00,2026-04-06T21:00:00-00:00,1,2026-04-06,14,0,DAM,WALC,Demand Forecast Day Ahead,SYS_FCST_DA_MW,2.8,732.51,DAM,32
2026-04-07T00:00:00-00:00,2026-04-07T01:00:00-00:00,1,2026-04-06,18,0,DAM,WALC,Demand Forecast Day Ahead,SYS_FCST_DA_MW,2.8,771.9,DAM,32
2026-04-07T03:00:00-00:00,2026-04-07T04:00:00-00:00,1,2026-04-06,21,0,DAM,WALC,Demand Forecast Day Ahead,SYS_FCST_DA_MW,2.8,714.15,DAM,32
2026-04-06T14:00:00-00:00,2026-04-06T15:00:00-00:00,1,2026-04-06,8,0,DAM,WALC,Demand Forecast Day Ahead,SYS_FCST_DA_MW,2.8,609.2,DAM,32
2026-04-06T16:00:00-00:00,2026-04-06T17:00:00-00:00,1,2026-04-06,10,0,DAM,WALC,Demand Forecast Day Ahead,SYS_FCST_DA_MW,2.8,632.45,DAM,32
2026-04-06T17:00:00-00:00,2026-04-06T18:00:00-00:00,1,2026-04-06,11,0,DAM,WALC,Demand Forecast Day Ahead,SYS_FCST_DA_MW,2.8,657.83,DAM,32
2026-04-06T19:00:00-00:00,2026-04-06T20:00:00-00:00,1,2026-04-06,13,0,DAM,WALC,Demand Forecast Day Ahead,SYS_FCST_DA_MW,2.8,710.22,DAM,32
2026-04-06T10:00:00-00:00,2026-04-06T11:00:00-00:00,1,2026-04-06,4,0,DAM,WALC,Demand Forecast Day Ahead,SYS_FCST_DA_MW,2.8,525.96,DAM,32
2026-04-06T15:00:00-00:00,2026-04-06T16:00:00-00:00,1,2026-04-06,9,0,DAM,WALC,Demand Forecast Day Ahead,SYS_FCST_DA_MW,2.8,617.23,DAM,32
2026-04-06T21:00:00-00:00,2026-04-06T22:00:00-00:00,1,2026-04-06,15,0,DAM,WALC,Demand Forecast Day Ahead,SYS_FCST_DA_MW,2.8,748.61,DAM,32
2026-04-07T06:00:00-00:00,2026-04-07T07:00:00-00:00,1,2026-04-06,24,0,DAM,WALC,Demand Forecast Day Ahead,SYS_FCST_DA_MW,2.8,605.7,DAM,32
2026-04-07T03:00:00-00:00,2026-04-07T04:00:00-00:00,1,2026-04-06,21,0,DAM,WALCAEPCO,Demand Forecast Day Ahead,SYS_FCST_DA_MW,2.8,501.23,DAM,33
2026-04-06T12:00:00-00:00,2026-04-06T13:00:00-00:00,1,2026-04-06,6,0,DAM,WALCAEPCO,Demand Forecast Day Ahead,SYS_FCST_DA_MW,2.8,389.88,DAM,33
2026-04-06T11:00:00-00:00,2026-04-06T12:00:00-00:00,1,2026-04-06,5,0,DAM,WALCAEPCO,Demand Forecast Day Ahead,SYS_FCST_DA_MW,2.8,373.47,DAM,33
2026-04-06T15:00:00-00:00,2026-04-06T16:00:00-00:00,1,2026-04-06,9,0,DAM,WALCAEPCO,Demand Forecast Day Ahead,SYS_FCST_DA_MW,2.8,396.63,DAM,33
2026-04-07T02:00:00-00:00,2026-04-07T03:00:00-00:00,1,2026-04-06,20,0,DAM,WALCAEPCO,Demand Forecast Day Ahead,SYS_FCST_DA_MW,2.8,522.97,DAM,33
2026-04-06T09:00:00-00:00,2026-04-06T10:00:00-00:00,1,2026-04-06,3,0,DAM,WALCAEPCO,Demand Forecast Day Ahead,SYS_FCST_DA_MW,2.8,374.22,DAM,33
2026-04-06T18:00:00-00:00,2026-04-06T19:00:00-00:00,1,2026-04-06,12,0,DAM,WALCAEPCO,Demand Forecast Day Ahead,SYS_FCST_DA_MW,2.8,438.21,DAM,33
2026-04-06T21:00:00-00:00,2026-04-06T22:00:00-00:00,1,2026-04-06,15,0,DAM,WALCAEPCO,Demand Forecast Day Ahead,SYS_FCST_DA_MW,2.8,483.31,DAM,33
2026-04-07T01:00:00-00:00,2026-04-07T02:00:00-00:00,1,2026-04-06,19,0,DAM,WALCAEPCO,Demand Forecast Day Ahead,SYS_FCST_DA_MW,2.8,534.99,DAM,33
2026-04-07T05:00:00-00:00,2026-04-07T06:00:00-00:00,1,2026-04-06,23,0,DAM,WALCAEPCO,Demand Forecast Day Ahead,SYS_FCST_DA_MW,2.8,459.14,DAM,33
2026-04-07T06:00:00-00:00,2026-04-07T07:00:00-00:00,1,2026-04-06,24,0,DAM,WALCAEPCO,Demand Forecast Day Ahead,SYS_FCST_DA_MW,2.8,429.71,DAM,33
2026-04-06T08:00:00-00:00,2026-04-06T09:00:00-00:00,1,2026-04-06,2,0,DAM,WALCAEPCO,Demand Forecast Day Ahead,SYS_FCST_DA_MW,2.8,385.05,DAM,33
2026-04-06T10:00:00-00:00,2026-04-06T11:00:00-00:00,1,2026-04-06,4,0,DAM,WALCAEPCO,Demand Forecast Day Ahead,SYS_FCST_DA_MW,2.8,368.8,DAM,33
2026-04-06T16:00:00-00:00,2026-04-06T17:00:00-00:00,1,2026-04-06,10,0,DAM,WALCAEPCO,Demand Forecast Day Ahead,SYS_FCST_DA_MW,2.8,399.58,DAM,33
2026-04-07T04:00:00-00:00,2026-04-07T05:00:00-00:00,1,2026-04-06,22,0,DAM,WALCAEPCO,Demand Forecast Day Ahead,SYS_FCST_DA_MW,2.8,483.05,DAM,33
2026-04-06T14:00:00-00:00,2026-04-06T15:00:00-00:00,1,2026-04-06,8,0,DAM,WALCAEPCO,Demand Forecast Day Ahead,SYS_FCST_DA_MW,2.8,404.86,DAM,33
2026-04-06T20:00:00-00:00,2026-04-06T21:00:00-00:00,1,2026-04-06,14,0,DAM,WALCAEPCO,Demand Forecast Day Ahead,SYS_FCST_DA_MW,2.8,471.36,DAM,33
2026-04-06T22:00:00-00:00,2026-04-06T23:00:00-00:00,1,2026-04-06,16,0,DAM,WALCAEPCO,Demand Forecast Day Ahead,SYS_FCST_DA_MW,2.8,489.95,DAM,33
2026-04-07T00:00:00-00:00,2026-04-07T01:00:00-00:00,1,2026-04-06,18,0,DAM,WALCAEPCO,Demand Forecast Day Ahead,SYS_FCST_DA_MW,2.8,524.76,DAM,33
2026-04-06T07:00:00-00:00,2026-04-06T08:00:00-00:00,1,2026-04-06,1,0,DAM,WALCAEPCO,Demand Forecast Day Ahead,SYS_FCST_DA_MW,2.8,403.74,DAM,33
2026-04-06T13:00:00-00:00,2026-04-06T14:00:00-00:00,1,2026-04-06,7,0,DAM,WALCAEPCO,Demand Forecast Day Ahead,SYS_FCST_DA_MW,2.8,415,DAM,33
2026-04-06T17:00:00-00:00,2026-04-06T18:00:00-00:00,1,2026-04-06,11,0,DAM,WALCAEPCO,Demand Forecast Day Ahead,SYS_FCST_DA_MW,2.8,417.5,DAM,33
2026-04-06T19:00:00-00:00,2026-04-06T20:00:00-00:00,1,2026-04-06,13,0,DAM,WALCAEPCO,Demand Forecast Day Ahead,SYS_FCST_DA_MW,2.8,454.13,DAM,33
2026-04-06T23:00:00-00:00,2026-04-07T00:00:00-00:00,1,2026-04-06,17,0,DAM,WALCAEPCO,Demand Forecast Day Ahead,SYS_FCST_DA_MW,2.8,509.55,DAM,33
2026-04-07T04:00:00-00:00,2026-04-07T05:00:00-00:00,1,2026-04-06,22,0,DAM,WALCDSW,Demand Forecast Day Ahead,SYS_FCST_DA_MW,2.8,202.31,DAM,34
2026-04-06T23:00:00-00:00,2026-04-07T00:00:00-00:00,1,2026-04-06,17,0,DAM,WALCDSW,Demand Forecast Day Ahead,SYS_FCST_DA_MW,2.8,256.3,DAM,34
2026-04-06T17:00:00-00:00,2026-04-06T18:00:00-00:00,1,2026-04-06,11,0,DAM,WALCDSW,Demand Forecast Day Ahead,SYS_FCST_DA_MW,2.8,240.33,DAM,34
2026-04-06T19:00:00-00:00,2026-04-06T20:00:00-00:00,1,2026-04-06,13,0,DAM,WALCDSW,Demand Forecast Day Ahead,SYS_FCST_DA_MW,2.8,256.09,DAM,34
2026-04-06T07:00:00-00:00,2026-04-06T08:00:00-00:00,1,2026-04-06,1,0,DAM,WALCDSW,Demand Forecast Day Ahead,SYS_FCST_DA_MW,2.8,159.62,DAM,34
2026-04-06T20:00:00-00:00,2026-04-06T21:00:00-00:00,1,2026-04-06,14,0,DAM,WALCDSW,Demand Forecast Day Ahead,SYS_FCST_DA_MW,2.8,261.16,DAM,34
2026-04-06T22:00:00-00:00,2026-04-06T23:00:00-00:00,1,2026-04-06,16,0,DAM,WALCDSW,Demand Forecast Day Ahead,SYS_FCST_DA_MW,2.8,258.15,DAM,34
2026-04-06T08:00:00-00:00,2026-04-06T09:00:00-00:00,1,2026-04-06,2,0,DAM,WALCDSW,Demand Forecast Day Ahead,SYS_FCST_DA_MW,2.8,154.6,DAM,34
2026-04-06T11:00:00-00:00,2026-04-06T12:00:00-00:00,1,2026-04-06,5,0,DAM,WALCDSW,Demand Forecast Day Ahead,SYS_FCST_DA_MW,2.8,163.05,DAM,34
2026-04-06T15:00:00-00:00,2026-04-06T16:00:00-00:00,1,2026-04-06,9,0,DAM,WALCDSW,Demand Forecast Day Ahead,SYS_FCST_DA_MW,2.8,220.59,DAM,34
2026-04-06T16:00:00-00:00,2026-04-06T17:00:00-00:00,1,2026-04-06,10,0,DAM,WALCDSW,Demand Forecast Day Ahead,SYS_FCST_DA_MW,2.8,232.86,DAM,34
2026-04-06T18:00:00-00:00,2026-04-06T19:00:00-00:00,1,2026-04-06,12,0,DAM,WALCDSW,Demand Forecast Day Ahead,SYS_FCST_DA_MW,2.8,248.22,DAM,34
2026-04-07T06:00:00-00:00,2026-04-07T07:00:00-00:00,1,2026-04-06,24,0,DAM,WALCDSW,Demand Forecast Day Ahead,SYS_FCST_DA_MW,2.8,175.99,DAM,34
2026-04-06T10:00:00-00:00,2026-04-06T11:00:00-00:00,1,2026-04-06,4,0,DAM,WALCDSW,Demand Forecast Day Ahead,SYS_FCST_DA_MW,2.8,157.16,DAM,34
2026-04-06T21:00:00-00:00,2026-04-06T22:00:00-00:00,1,2026-04-06,15,0,DAM,WALCDSW,Demand Forecast Day Ahead,SYS_FCST_DA_MW,2.8,265.3,DAM,34
2026-04-07T00:00:00-00:00,2026-04-07T01:00:00-00:00,1,2026-04-06,18,0,DAM,WALCDSW,Demand Forecast Day Ahead,SYS_FCST_DA_MW,2.8,247.14,DAM,34
2026-04-06T14:00:00-00:00,2026-04-06T15:00:00-00:00,1,2026-04-06,8,0,DAM,WALCDSW,Demand Forecast Day Ahead,SYS_FCST_DA_MW,2.8,204.34,DAM,34
2026-04-07T02:00:00-00:00,2026-04-07T03:00:00-00:00,1,2026-04-06,20,0,DAM,WALCDSW,Demand Forecast Day Ahead,SYS_FCST_DA_MW,2.8,222.5,DAM,34
2026-04-07T03:00:00-00:00,2026-04-07T04:00:00-00:00,1,2026-04-06,21,0,DAM,WALCDSW,Demand Forecast Day Ahead,SYS_FCST_DA_MW,2.8,212.92,DAM,34
2026-04-07T05:00:00-00:00,2026-04-07T06:00:00-00:00,1,2026-04-06,23,0,DAM,WALCDSW,Demand Forecast Day Ahead,SYS_FCST_DA_MW,2.8,187.9,DAM,34
2026-04-06T09:00:00-00:00,2026-04-06T10:00:00-00:00,1,2026-04-06,3,0,DAM,WALCDSW,Demand Forecast Day Ahead,SYS_FCST_DA_MW,2.8,153.11,DAM,34
2026-04-07T01:00:00-00:00,2026-04-07T02:00:00-00:00,1,2026-04-06,19,0,DAM,WALCDSW,Demand Forecast Day Ahead,SYS_FCST_DA_MW,2.8,232.19,DAM,34
2026-04-06T13:00:00-00:00,2026-04-06T14:00:00-00:00,1,2026-04-06,7,0,DAM,WALCDSW,Demand Forecast Day Ahead,SYS_FCST_DA_MW,2.8,182.74,DAM,34
2026-04-06T12:00:00-00:00,2026-04-06T13:00:00-00:00,1,2026-04-06,6,0,DAM,WALCDSW,Demand Forecast Day Ahead,SYS_FCST_DA_MW,2.8,171.41,DAM,34
